{
	"parent":"mechanization:base/model_block",
    "textures": {
        "0": "mechanization:base/t2_battery_side",
        "1": "mechanization:base/t2_gradient_panel",
        "2": "mechanization:base/t2_metal_plate",
        "3": "mechanization:base/crystal"
    },
    "elements": [
        {
            "name": "Base 1",
            "from": [ 2.0, 0.0, 2.0 ], 
            "to": [ 14.0, 3.0, 14.0 ], 
            "faces": {
                "north": { "texture": "#0", "uv": [ 0.0, 13.0, 12.0, 16.0 ] },
                "east": { "texture": "#0", "uv": [ 0.0, 13.0, 12.0, 16.0 ] },
                "south": { "texture": "#0", "uv": [ 0.0, 13.0, 12.0, 16.0 ] },
                "west": { "texture": "#0", "uv": [ 0.0, 13.0, 12.0, 16.0 ] },
                "up": { "texture": "#1", "uv": [ 0.0, 0.0, 16.0, 16.0 ] },
                "down": { "texture": "#2", "uv": [ 0.0, 0.0, 16.0, 16.0 ] }
            }
        },
        {
            "name": "Crystal 1",
            "from": [ 6.0, 6.0, 6.0 ], 
            "to": [ 10.0, 10.0, 10.0 ], 
            "faces": {
                "north": { "texture": "#3", "uv": [ 0.0, 0.0, 4.0, 4.0 ] },
                "east": { "texture": "#3", "uv": [ 0.0, 0.0, 4.0, 4.0 ] },
                "south": { "texture": "#3", "uv": [ 0.0, 0.0, 4.0, 4.0 ] },
                "west": { "texture": "#3", "uv": [ 0.0, 0.0, 4.0, 4.0 ] },
                "up": { "texture": "#3", "uv": [ 0.0, 0.0, 4.0, 4.0 ] },
                "down": { "texture": "#3", "uv": [ 0.0, 0.0, 4.0, 4.0 ] }
            }
        },
        {
            "name": "Crystal 2",
            "from": [ 6.0, 6.0, 6.0 ], 
            "to": [ 10.0, 10.0, 10.0 ], 
            "rotation": { "origin": [ 8.0, 8.0, 8.0 ], "axis": "x", "angle": 22.5 },
            "faces": {
                "north": { "texture": "#3", "uv": [ 0.0, 0.0, 4.0, 4.0 ] },
                "east": { "texture": "#3", "uv": [ 0.0, 0.0, 4.0, 4.0 ] },
                "south": { "texture": "#3", "uv": [ 0.0, 0.0, 4.0, 4.0 ] },
                "west": { "texture": "#3", "uv": [ 0.0, 0.0, 4.0, 4.0 ] },
                "up": { "texture": "#3", "uv": [ 0.0, 0.0, 4.0, 4.0 ] },
                "down": { "texture": "#3", "uv": [ 0.0, 0.0, 4.0, 4.0 ] }
            }
        },
        {
            "name": "Crystal 3",
            "from": [ 6.0, 6.0, 6.0 ], 
            "to": [ 10.0, 10.0, 10.0 ], 
            "rotation": { "origin": [ 8.0, 8.0, 8.0 ], "axis": "x", "angle": 45.0 },
            "faces": {
                "north": { "texture": "#3", "uv": [ 0.0, 0.0, 4.0, 4.0 ] },
                "east": { "texture": "#3", "uv": [ 0.0, 0.0, 4.0, 4.0 ] },
                "south": { "texture": "#3", "uv": [ 0.0, 0.0, 4.0, 4.0 ] },
                "west": { "texture": "#3", "uv": [ 0.0, 0.0, 4.0, 4.0 ] },
                "up": { "texture": "#3", "uv": [ 0.0, 0.0, 4.0, 4.0 ] },
                "down": { "texture": "#3", "uv": [ 0.0, 0.0, 4.0, 4.0 ] }
            }
        },
        {
            "name": "Crystal 4",
            "from": [ 6.0, 6.0, 6.0 ], 
            "to": [ 10.0, 10.0, 10.0 ], 
            "rotation": { "origin": [ 8.0, 8.0, 8.0 ], "axis": "x", "angle": -22.5 },
            "faces": {
                "north": { "texture": "#3", "uv": [ 0.0, 0.0, 4.0, 4.0 ] },
                "east": { "texture": "#3", "uv": [ 0.0, 0.0, 4.0, 4.0 ] },
                "south": { "texture": "#3", "uv": [ 0.0, 0.0, 4.0, 4.0 ] },
                "west": { "texture": "#3", "uv": [ 0.0, 0.0, 4.0, 4.0 ] },
                "up": { "texture": "#3", "uv": [ 0.0, 0.0, 4.0, 4.0 ] },
                "down": { "texture": "#3", "uv": [ 0.0, 0.0, 4.0, 4.0 ] }
            }
        },
        {
            "name": "Crystal 5",
            "from": [ 6.0, 6.0, 6.0 ], 
            "to": [ 10.0, 10.0, 10.0 ], 
            "rotation": { "origin": [ 8.0, 8.0, 8.0 ], "axis": "y", "angle": 22.5 },
            "faces": {
                "north": { "texture": "#3", "uv": [ 0.0, 0.0, 4.0, 4.0 ] },
                "east": { "texture": "#3", "uv": [ 0.0, 0.0, 4.0, 4.0 ] },
                "south": { "texture": "#3", "uv": [ 0.0, 0.0, 4.0, 4.0 ] },
                "west": { "texture": "#3", "uv": [ 0.0, 0.0, 4.0, 4.0 ] },
                "up": { "texture": "#3", "uv": [ 0.0, 0.0, 4.0, 4.0 ] },
                "down": { "texture": "#3", "uv": [ 0.0, 0.0, 4.0, 4.0 ] }
            }
        },
        {
            "name": "Crystal 6",
            "from": [ 6.0, 6.0, 6.0 ], 
            "to": [ 10.0, 10.0, 10.0 ], 
            "rotation": { "origin": [ 8.0, 8.0, 8.0 ], "axis": "y", "angle": 45.0 },
            "faces": {
                "north": { "texture": "#3", "uv": [ 0.0, 0.0, 4.0, 4.0 ] },
                "east": { "texture": "#3", "uv": [ 0.0, 0.0, 4.0, 4.0 ] },
                "south": { "texture": "#3", "uv": [ 0.0, 0.0, 4.0, 4.0 ] },
                "west": { "texture": "#3", "uv": [ 0.0, 0.0, 4.0, 4.0 ] },
                "up": { "texture": "#3", "uv": [ 0.0, 0.0, 4.0, 4.0 ] },
                "down": { "texture": "#3", "uv": [ 0.0, 0.0, 4.0, 4.0 ] }
            }
        },
        {
            "name": "Crystal 7",
            "from": [ 6.0, 6.0, 6.0 ], 
            "to": [ 10.0, 10.0, 10.0 ], 
            "rotation": { "origin": [ 8.0, 8.0, 8.0 ], "axis": "y", "angle": -22.5 },
            "faces": {
                "north": { "texture": "#3", "uv": [ 0.0, 0.0, 4.0, 4.0 ] },
                "east": { "texture": "#3", "uv": [ 0.0, 0.0, 4.0, 4.0 ] },
                "south": { "texture": "#3", "uv": [ 0.0, 0.0, 4.0, 4.0 ] },
                "west": { "texture": "#3", "uv": [ 0.0, 0.0, 4.0, 4.0 ] },
                "up": { "texture": "#3", "uv": [ 0.0, 0.0, 4.0, 4.0 ] },
                "down": { "texture": "#3", "uv": [ 0.0, 0.0, 4.0, 4.0 ] }
            }
        },
        {
            "name": "Crystal 8",
            "from": [ 6.0, 6.0, 6.0 ], 
            "to": [ 10.0, 10.0, 10.0 ], 
            "rotation": { "origin": [ 8.0, 8.0, 8.0 ], "axis": "z", "angle": 22.5 },
            "faces": {
                "north": { "texture": "#3", "uv": [ 0.0, 0.0, 4.0, 4.0 ] },
                "east": { "texture": "#3", "uv": [ 0.0, 0.0, 4.0, 4.0 ] },
                "south": { "texture": "#3", "uv": [ 0.0, 0.0, 4.0, 4.0 ] },
                "west": { "texture": "#3", "uv": [ 0.0, 0.0, 4.0, 4.0 ] },
                "up": { "texture": "#3", "uv": [ 0.0, 0.0, 4.0, 4.0 ] },
                "down": { "texture": "#3", "uv": [ 0.0, 0.0, 4.0, 4.0 ] }
            }
        },
        {
            "name": "Crystal 9",
            "from": [ 6.0, 6.0, 6.0 ], 
            "to": [ 10.0, 10.0, 10.0 ], 
            "rotation": { "origin": [ 8.0, 8.0, 8.0 ], "axis": "z", "angle": 45.0 },
            "faces": {
                "north": { "texture": "#3", "uv": [ 0.0, 0.0, 4.0, 4.0 ] },
                "east": { "texture": "#3", "uv": [ 0.0, 0.0, 4.0, 4.0 ] },
                "south": { "texture": "#3", "uv": [ 0.0, 0.0, 4.0, 4.0 ] },
                "west": { "texture": "#3", "uv": [ 0.0, 0.0, 4.0, 4.0 ] },
                "up": { "texture": "#3", "uv": [ 0.0, 0.0, 4.0, 4.0 ] },
                "down": { "texture": "#3", "uv": [ 0.0, 0.0, 4.0, 4.0 ] }
            }
        },
        {
            "name": "Crystal 10",
            "from": [ 6.0, 6.0, 6.0 ], 
            "to": [ 10.0, 10.0, 10.0 ], 
            "rotation": { "origin": [ 8.0, 8.0, 8.0 ], "axis": "z", "angle": -22.5 },
            "faces": {
                "north": { "texture": "#3", "uv": [ 0.0, 0.0, 4.0, 4.0 ] },
                "east": { "texture": "#3", "uv": [ 0.0, 0.0, 4.0, 4.0 ] },
                "south": { "texture": "#3", "uv": [ 0.0, 0.0, 4.0, 4.0 ] },
                "west": { "texture": "#3", "uv": [ 0.0, 0.0, 4.0, 4.0 ] },
                "up": { "texture": "#3", "uv": [ 0.0, 0.0, 4.0, 4.0 ] },
                "down": { "texture": "#3", "uv": [ 0.0, 0.0, 4.0, 4.0 ] }
            }
        }
    ]
}