{"parent":"mechanization:base/model_block","textures":{"0":"mechanization:base/machine_crafting_table_top","1":"mechanization:base/machine_crafting_table_side","2":"mechanization:base/machine_crafting_table_front","3":"mechanization:base/t1_metal_plate"},"elements":[{"name":"Base","from":[0.0,0.0,0.0],"to":[16.0,16.0,16.0],"faces":{"north":{"texture":"#1","uv":[0.0,16.0,16,0.0],"rotation":180},"east":{"texture":"#2","uv":[0.0,0.0,16,16]},"south":{"texture":"#1","uv":[0.0,0.0,16,16]},"west":{"texture":"#2","uv":[0.0,0.0,16,16]},"up":{"texture":"#0","uv":[0.0,0.0,16,16]},"down":{"texture":"#3","uv":[0.0,0.0,16,16]}}}]}