{
	"credit": "Made with Blockbench",
	"texture_size": [32, 32],
	"textures": {
		"1": "crazy_adventure:food/banana_plant"
	},
	"elements": [
		{
			"from": [6, 13, 13],
			"to": [8, 14, 14],
			"rotation": {"angle": 0, "axis": "y", "origin": [-1, 0, 0]},
			"faces": {
				"north": {"uv": [13, 3, 14, 3.5], "texture": "#1"},
				"east": {"uv": [8.5, 13, 9, 13.5], "texture": "#1"},
				"south": {"uv": [3.5, 13, 4.5, 13.5], "texture": "#1"},
				"west": {"uv": [8.5, 13.5, 9, 14], "texture": "#1"},
				"up": {"uv": [14, 4, 13, 3.5], "texture": "#1"},
				"down": {"uv": [5.5, 13, 4.5, 13.5], "texture": "#1"}
			}
		},
		{
			"from": [6, 14, 12],
			"to": [8, 16, 14],
			"rotation": {"angle": 0, "axis": "y", "origin": [-1, 0, 0]},
			"faces": {
				"north": {"uv": [7, 3, 8, 4], "texture": "#1"},
				"east": {"uv": [11, 0, 12, 1], "texture": "#1"},
				"south": {"uv": [11, 1, 12, 2], "texture": "#1"},
				"west": {"uv": [11, 2, 12, 3], "texture": "#1"},
				"up": {"uv": [12, 4, 11, 3], "texture": "#1"},
				"down": {"uv": [5, 11, 4, 12], "texture": "#1"}
			}
		},
		{
			"from": [6, 10, 11],
			"to": [8, 14, 13],
			"rotation": {"angle": 0, "axis": "y", "origin": [-1, 0, 0]},
			"faces": {
				"north": {"uv": [6, 0, 7, 2], "texture": "#1"},
				"east": {"uv": [2, 6, 3, 8], "texture": "#1"},
				"south": {"uv": [3, 6, 4, 8], "texture": "#1"},
				"west": {"uv": [6, 5, 7, 7], "texture": "#1"},
				"up": {"uv": [12, 5, 11, 4], "texture": "#1"},
				"down": {"uv": [12, 5, 11, 6], "texture": "#1"}
			}
		},
		{
			"from": [6, 8, 10],
			"to": [8, 12, 11],
			"rotation": {"angle": 0, "axis": "y", "origin": [-1, 0, 0]},
			"faces": {
				"north": {"uv": [7, 0, 8, 2], "texture": "#1"},
				"east": {"uv": [6, 11, 6.5, 13], "texture": "#1"},
				"south": {"uv": [4, 7, 5, 9], "texture": "#1"},
				"west": {"uv": [11, 6, 11.5, 8], "texture": "#1"},
				"up": {"uv": [14, 5, 13, 4.5], "texture": "#1"},
				"down": {"uv": [14, 5, 13, 5.5], "texture": "#1"}
			}
		},
		{
			"from": [6, 6, 9],
			"to": [8, 10, 10],
			"rotation": {"angle": 0, "axis": "y", "origin": [-1, 0, 0]},
			"faces": {
				"north": {"uv": [7, 5, 8, 7], "texture": "#1"},
				"east": {"uv": [6.5, 11, 7, 13], "texture": "#1"},
				"south": {"uv": [6, 7, 7, 9], "texture": "#1"},
				"west": {"uv": [7, 11, 7.5, 13], "texture": "#1"},
				"up": {"uv": [6.5, 13.5, 5.5, 13], "texture": "#1"},
				"down": {"uv": [7.5, 13, 6.5, 13.5], "texture": "#1"}
			}
		},
		{
			"from": [6, 6, 3],
			"to": [8, 8, 9],
			"rotation": {"angle": 0, "axis": "y", "origin": [-1, 0, 0]},
			"faces": {
				"north": {"uv": [11, 8, 12, 9], "texture": "#1"},
				"east": {"uv": [0, 0, 3, 1], "texture": "#1"},
				"south": {"uv": [11, 9, 12, 10], "texture": "#1"},
				"west": {"uv": [0, 1, 3, 2], "texture": "#1"},
				"up": {"uv": [1, 5, 0, 2], "texture": "#1"},
				"down": {"uv": [2, 2, 1, 5], "texture": "#1"}
			}
		},
		{
			"from": [6, 5, 4],
			"to": [8, 6, 8],
			"rotation": {"angle": 0, "axis": "y", "origin": [-1, 0, 0]},
			"faces": {
				"north": {"uv": [7.5, 13, 8.5, 13.5], "texture": "#1"},
				"east": {"uv": [11, 10, 13, 10.5], "texture": "#1"},
				"south": {"uv": [13, 10, 14, 10.5], "texture": "#1"},
				"west": {"uv": [11, 10.5, 13, 11], "texture": "#1"},
				"up": {"uv": [8, 9, 7, 7], "texture": "#1"},
				"down": {"uv": [1, 8, 0, 10], "texture": "#1"}
			}
		},
		{
			"from": [6, 8, 8],
			"to": [8, 9, 9],
			"rotation": {"angle": 0, "axis": "y", "origin": [-1, 0, 0]},
			"faces": {
				"north": {"uv": [10.5, 13, 11.5, 13.5], "texture": "#1"},
				"east": {"uv": [14.5, 8, 15, 8.5], "texture": "#1"},
				"south": {"uv": [13, 10.5, 14, 11], "texture": "#1"},
				"west": {"uv": [8.5, 14.5, 9, 15], "texture": "#1"},
				"up": {"uv": [14, 11.5, 13, 11], "texture": "#1"},
				"down": {"uv": [12.5, 13, 11.5, 13.5], "texture": "#1"}
			}
		},
		{
			"from": [6, 8, 3],
			"to": [8, 9, 5],
			"rotation": {"angle": 0, "axis": "y", "origin": [-1, 0, 0]},
			"faces": {
				"north": {"uv": [13, 11.5, 14, 12], "texture": "#1"},
				"east": {"uv": [13, 12, 14, 12.5], "texture": "#1"},
				"south": {"uv": [13, 12.5, 14, 13], "texture": "#1"},
				"west": {"uv": [13, 13, 14, 13.5], "texture": "#1"},
				"up": {"uv": [12, 12, 11, 11], "texture": "#1"},
				"down": {"uv": [12.5, 6, 11.5, 7], "texture": "#1"}
			}
		},
		{
			"from": [6, 9, 11],
			"to": [8, 10, 12],
			"rotation": {"angle": 0, "axis": "y", "origin": [-1, 0, 0]},
			"faces": {
				"north": {"uv": [13.5, 0, 14.5, 0.5], "texture": "#1"},
				"east": {"uv": [14.5, 8.5, 15, 9], "texture": "#1"},
				"south": {"uv": [13.5, 0.5, 14.5, 1], "texture": "#1"},
				"west": {"uv": [9, 14.5, 9.5, 15], "texture": "#1"},
				"up": {"uv": [4.5, 14, 3.5, 13.5], "texture": "#1"},
				"down": {"uv": [5.5, 13.5, 4.5, 14], "texture": "#1"}
			}
		},
		{
			"from": [0, 9, 14],
			"to": [2, 13, 16],
			"rotation": {"angle": 22.5, "axis": "y", "origin": [-1, 0, 0]},
			"faces": {
				"north": {"uv": [8, 0, 9, 2], "texture": "#1"},
				"east": {"uv": [1, 8, 2, 10], "texture": "#1"},
				"south": {"uv": [2, 8, 3, 10], "texture": "#1"},
				"west": {"uv": [8, 2, 9, 4], "texture": "#1"},
				"up": {"uv": [12.5, 8, 11.5, 7], "texture": "#1"},
				"down": {"uv": [1, 12, 0, 13], "texture": "#1"}
			}
		},
		{
			"from": [0, 7, 13],
			"to": [2, 11, 14],
			"rotation": {"angle": 22.5, "axis": "y", "origin": [-1, 0, 0]},
			"faces": {
				"north": {"uv": [3, 8, 4, 10], "texture": "#1"},
				"east": {"uv": [7.5, 11, 8, 13], "texture": "#1"},
				"south": {"uv": [8, 4, 9, 6], "texture": "#1"},
				"west": {"uv": [12, 0, 12.5, 2], "texture": "#1"},
				"up": {"uv": [6.5, 14, 5.5, 13.5], "texture": "#1"},
				"down": {"uv": [14.5, 6, 13.5, 6.5], "texture": "#1"}
			}
		},
		{
			"from": [0, 8, 14],
			"to": [2, 9, 15],
			"rotation": {"angle": 22.5, "axis": "y", "origin": [-1, 0, 0]},
			"faces": {
				"north": {"uv": [6.5, 13.5, 7.5, 14], "texture": "#1"},
				"east": {"uv": [14.5, 9, 15, 9.5], "texture": "#1"},
				"south": {"uv": [13.5, 6.5, 14.5, 7], "texture": "#1"},
				"west": {"uv": [9.5, 14.5, 10, 15], "texture": "#1"},
				"up": {"uv": [14.5, 7.5, 13.5, 7], "texture": "#1"},
				"down": {"uv": [8.5, 13.5, 7.5, 14], "texture": "#1"}
			}
		},
		{
			"from": [0, 5, 12],
			"to": [2, 9, 13],
			"rotation": {"angle": 22.5, "axis": "y", "origin": [-1, 0, 0]},
			"faces": {
				"north": {"uv": [5, 8, 6, 10], "texture": "#1"},
				"east": {"uv": [1, 12, 1.5, 14], "texture": "#1"},
				"south": {"uv": [8, 6, 9, 8], "texture": "#1"},
				"west": {"uv": [1.5, 12, 2, 14], "texture": "#1"},
				"up": {"uv": [14.5, 8, 13.5, 7.5], "texture": "#1"},
				"down": {"uv": [14.5, 8, 13.5, 8.5], "texture": "#1"}
			}
		},
		{
			"from": [0, 5, 6],
			"to": [2, 7, 12],
			"rotation": {"angle": 22.5, "axis": "y", "origin": [-1, 0, 0]},
			"faces": {
				"north": {"uv": [2, 12, 3, 13], "texture": "#1"},
				"east": {"uv": [2, 2, 5, 3], "texture": "#1"},
				"south": {"uv": [12, 2, 13, 3], "texture": "#1"},
				"west": {"uv": [3, 0, 6, 1], "texture": "#1"},
				"up": {"uv": [3, 6, 2, 3], "texture": "#1"},
				"down": {"uv": [4, 3, 3, 6], "texture": "#1"}
			}
		},
		{
			"from": [0, 7, 11],
			"to": [2, 8, 12],
			"rotation": {"angle": 22.5, "axis": "y", "origin": [-1, 0, 0]},
			"faces": {
				"north": {"uv": [13.5, 8.5, 14.5, 9], "texture": "#1"},
				"east": {"uv": [14.5, 9.5, 15, 10], "texture": "#1"},
				"south": {"uv": [13.5, 9, 14.5, 9.5], "texture": "#1"},
				"west": {"uv": [10, 14.5, 10.5, 15], "texture": "#1"},
				"up": {"uv": [14.5, 10, 13.5, 9.5], "texture": "#1"},
				"down": {"uv": [11.5, 13.5, 10.5, 14], "texture": "#1"}
			}
		},
		{
			"from": [0, 7, 6],
			"to": [2, 8, 8],
			"rotation": {"angle": 22.5, "axis": "y", "origin": [-1, 0, 0]},
			"faces": {
				"north": {"uv": [11.5, 13.5, 12.5, 14], "texture": "#1"},
				"east": {"uv": [13, 13.5, 14, 14], "texture": "#1"},
				"south": {"uv": [1, 14, 2, 14.5], "texture": "#1"},
				"west": {"uv": [14, 2, 15, 2.5], "texture": "#1"},
				"up": {"uv": [4, 13, 3, 12], "texture": "#1"},
				"down": {"uv": [13, 3, 12, 4], "texture": "#1"}
			}
		},
		{
			"from": [0, 4, 7],
			"to": [2, 5, 11],
			"rotation": {"angle": 22.5, "axis": "y", "origin": [-1, 0, 0]},
			"faces": {
				"north": {"uv": [2.5, 14, 3.5, 14.5], "texture": "#1"},
				"east": {"uv": [4, 12, 6, 12.5], "texture": "#1"},
				"south": {"uv": [14, 2.5, 15, 3], "texture": "#1"},
				"west": {"uv": [12, 4, 14, 4.5], "texture": "#1"},
				"up": {"uv": [9, 10, 8, 8], "texture": "#1"},
				"down": {"uv": [10, 0, 9, 2], "texture": "#1"}
			}
		},
		{
			"from": [18, 13, 11],
			"to": [20, 14, 12],
			"rotation": {"angle": -45, "axis": "y", "origin": [11, 0, -2]},
			"faces": {
				"north": {"uv": [14, 3, 15, 3.5], "texture": "#1"},
				"east": {"uv": [10.5, 14.5, 11, 15], "texture": "#1"},
				"south": {"uv": [3.5, 14, 4.5, 14.5], "texture": "#1"},
				"west": {"uv": [11, 14.5, 11.5, 15], "texture": "#1"},
				"up": {"uv": [15, 4, 14, 3.5], "texture": "#1"},
				"down": {"uv": [15, 4, 14, 4.5], "texture": "#1"}
			}
		},
		{
			"from": [18, 10, 9],
			"to": [20, 14, 11],
			"rotation": {"angle": -45, "axis": "y", "origin": [11, 0, -2]},
			"faces": {
				"north": {"uv": [9, 2, 10, 4], "texture": "#1"},
				"east": {"uv": [4, 9, 5, 11], "texture": "#1"},
				"south": {"uv": [9, 4, 10, 6], "texture": "#1"},
				"west": {"uv": [6, 9, 7, 11], "texture": "#1"},
				"up": {"uv": [13, 5.5, 12, 4.5], "texture": "#1"},
				"down": {"uv": [9, 12, 8, 13], "texture": "#1"}
			}
		},
		{
			"from": [18, 8, 8],
			"to": [20, 12, 9],
			"rotation": {"angle": -45, "axis": "y", "origin": [11, 0, -2]},
			"faces": {
				"north": {"uv": [9, 6, 10, 8], "texture": "#1"},
				"east": {"uv": [12, 8, 12.5, 10], "texture": "#1"},
				"south": {"uv": [7, 9, 8, 11], "texture": "#1"},
				"west": {"uv": [9, 12, 9.5, 14], "texture": "#1"},
				"up": {"uv": [5.5, 14.5, 4.5, 14], "texture": "#1"},
				"down": {"uv": [15, 4.5, 14, 5], "texture": "#1"}
			}
		},
		{
			"from": [18, 9, 9],
			"to": [20, 10, 10],
			"rotation": {"angle": -45, "axis": "y", "origin": [11, 0, -2]},
			"faces": {
				"north": {"uv": [14, 5, 15, 5.5], "texture": "#1"},
				"east": {"uv": [11.5, 14.5, 12, 15], "texture": "#1"},
				"south": {"uv": [5.5, 14, 6.5, 14.5], "texture": "#1"},
				"west": {"uv": [12, 14.5, 12.5, 15], "texture": "#1"},
				"up": {"uv": [15, 6, 14, 5.5], "texture": "#1"},
				"down": {"uv": [7.5, 14, 6.5, 14.5], "texture": "#1"}
			}
		},
		{
			"from": [18, 6, 7],
			"to": [20, 10, 8],
			"rotation": {"angle": -45, "axis": "y", "origin": [11, 0, -2]},
			"faces": {
				"north": {"uv": [9, 8, 10, 10], "texture": "#1"},
				"east": {"uv": [9.5, 12, 10, 14], "texture": "#1"},
				"south": {"uv": [0, 10, 1, 12], "texture": "#1"},
				"west": {"uv": [10, 12, 10.5, 14], "texture": "#1"},
				"up": {"uv": [8.5, 14.5, 7.5, 14], "texture": "#1"},
				"down": {"uv": [9.5, 14, 8.5, 14.5], "texture": "#1"}
			}
		},
		{
			"from": [18, 6, 1],
			"to": [20, 8, 7],
			"rotation": {"angle": -45, "axis": "y", "origin": [11, 0, -2]},
			"faces": {
				"north": {"uv": [10.5, 12, 11.5, 13], "texture": "#1"},
				"east": {"uv": [3, 1, 6, 2], "texture": "#1"},
				"south": {"uv": [12, 11, 13, 12], "texture": "#1"},
				"west": {"uv": [4, 3, 7, 4], "texture": "#1"},
				"up": {"uv": [5, 7, 4, 4], "texture": "#1"},
				"down": {"uv": [1, 5, 0, 8], "texture": "#1"}
			}
		},
		{
			"from": [18, 8, 6],
			"to": [20, 9, 7],
			"rotation": {"angle": -45, "axis": "y", "origin": [11, 0, -2]},
			"faces": {
				"north": {"uv": [9.5, 14, 10.5, 14.5], "texture": "#1"},
				"east": {"uv": [12.5, 14.5, 13, 15], "texture": "#1"},
				"south": {"uv": [14, 10, 15, 10.5], "texture": "#1"},
				"west": {"uv": [13, 14.5, 13.5, 15], "texture": "#1"},
				"up": {"uv": [11.5, 14.5, 10.5, 14], "texture": "#1"},
				"down": {"uv": [15, 10.5, 14, 11], "texture": "#1"}
			}
		},
		{
			"from": [18, 8, 1],
			"to": [20, 9, 3],
			"rotation": {"angle": -45, "axis": "y", "origin": [11, 0, -2]},
			"faces": {
				"north": {"uv": [14, 11, 15, 11.5], "texture": "#1"},
				"east": {"uv": [11.5, 14, 12.5, 14.5], "texture": "#1"},
				"south": {"uv": [14, 11.5, 15, 12], "texture": "#1"},
				"west": {"uv": [14, 12, 15, 12.5], "texture": "#1"},
				"up": {"uv": [12.5, 13, 11.5, 12], "texture": "#1"},
				"down": {"uv": [13.5, 0, 12.5, 1], "texture": "#1"}
			}
		},
		{
			"from": [18, 5, 2],
			"to": [20, 6, 6],
			"rotation": {"angle": -45, "axis": "y", "origin": [11, 0, -2]},
			"faces": {
				"north": {"uv": [12.5, 14, 13.5, 14.5], "texture": "#1"},
				"east": {"uv": [12, 5.5, 14, 6], "texture": "#1"},
				"south": {"uv": [14, 12.5, 15, 13], "texture": "#1"},
				"west": {"uv": [12.5, 1, 14.5, 1.5], "texture": "#1"},
				"up": {"uv": [11, 2, 10, 0], "texture": "#1"},
				"down": {"uv": [2, 10, 1, 12], "texture": "#1"}
			}
		},
		{
			"from": [12, 4, 5],
			"to": [14, 5, 9],
			"rotation": {"angle": -22.5, "axis": "y", "origin": [11, 0, -2]},
			"faces": {
				"north": {"uv": [14, 13, 15, 13.5], "texture": "#1"},
				"east": {"uv": [12.5, 1.5, 14.5, 2], "texture": "#1"},
				"south": {"uv": [13.5, 14, 14.5, 14.5], "texture": "#1"},
				"west": {"uv": [4, 12.5, 6, 13], "texture": "#1"},
				"up": {"uv": [3, 12, 2, 10], "texture": "#1"},
				"down": {"uv": [11, 2, 10, 4], "texture": "#1"}
			}
		},
		{
			"from": [12, 7, 4],
			"to": [14, 8, 6],
			"rotation": {"angle": -22.5, "axis": "y", "origin": [11, 0, -2]},
			"faces": {
				"north": {"uv": [14, 13.5, 15, 14], "texture": "#1"},
				"east": {"uv": [14.5, 0, 15.5, 0.5], "texture": "#1"},
				"south": {"uv": [14.5, 0.5, 15.5, 1], "texture": "#1"},
				"west": {"uv": [1, 14.5, 2, 15], "texture": "#1"},
				"up": {"uv": [13.5, 7, 12.5, 6], "texture": "#1"},
				"down": {"uv": [13.5, 7, 12.5, 8], "texture": "#1"}
			}
		},
		{
			"from": [12, 7, 9],
			"to": [14, 8, 10],
			"rotation": {"angle": -22.5, "axis": "y", "origin": [11, 0, -2]},
			"faces": {
				"north": {"uv": [14.5, 1, 15.5, 1.5], "texture": "#1"},
				"east": {"uv": [13.5, 14.5, 14, 15], "texture": "#1"},
				"south": {"uv": [14.5, 1.5, 15.5, 2], "texture": "#1"},
				"west": {"uv": [14, 14.5, 14.5, 15], "texture": "#1"},
				"up": {"uv": [3.5, 15, 2.5, 14.5], "texture": "#1"},
				"down": {"uv": [4.5, 14.5, 3.5, 15], "texture": "#1"}
			}
		},
		{
			"from": [12, 5, 4],
			"to": [14, 7, 10],
			"rotation": {"angle": -22.5, "axis": "y", "origin": [11, 0, -2]},
			"faces": {
				"north": {"uv": [12.5, 8, 13.5, 9], "texture": "#1"},
				"east": {"uv": [5, 2, 8, 3], "texture": "#1"},
				"south": {"uv": [12.5, 9, 13.5, 10], "texture": "#1"},
				"west": {"uv": [5, 4, 8, 5], "texture": "#1"},
				"up": {"uv": [2, 8, 1, 5], "texture": "#1"},
				"down": {"uv": [6, 5, 5, 8], "texture": "#1"}
			}
		},
		{
			"from": [12, 5, 10],
			"to": [14, 9, 11],
			"rotation": {"angle": -22.5, "axis": "y", "origin": [11, 0, -2]},
			"faces": {
				"north": {"uv": [3, 10, 4, 12], "texture": "#1"},
				"east": {"uv": [12.5, 12, 13, 14], "texture": "#1"},
				"south": {"uv": [10, 4, 11, 6], "texture": "#1"},
				"west": {"uv": [0, 13, 0.5, 15], "texture": "#1"},
				"up": {"uv": [5.5, 15, 4.5, 14.5], "texture": "#1"},
				"down": {"uv": [6.5, 14.5, 5.5, 15], "texture": "#1"}
			}
		},
		{
			"from": [12, 8, 12],
			"to": [14, 9, 13],
			"rotation": {"angle": -22.5, "axis": "y", "origin": [11, 0, -2]},
			"faces": {
				"north": {"uv": [14.5, 6, 15.5, 6.5], "texture": "#1"},
				"east": {"uv": [14.5, 14, 15, 14.5], "texture": "#1"},
				"south": {"uv": [6.5, 14.5, 7.5, 15], "texture": "#1"},
				"west": {"uv": [14.5, 14.5, 15, 15], "texture": "#1"},
				"up": {"uv": [15.5, 7, 14.5, 6.5], "texture": "#1"},
				"down": {"uv": [15.5, 7, 14.5, 7.5], "texture": "#1"}
			}
		},
		{
			"from": [12, 7, 11],
			"to": [14, 11, 12],
			"rotation": {"angle": -22.5, "axis": "y", "origin": [11, 0, -2]},
			"faces": {
				"north": {"uv": [5, 10, 6, 12], "texture": "#1"},
				"east": {"uv": [0.5, 13, 1, 15], "texture": "#1"},
				"south": {"uv": [10, 6, 11, 8], "texture": "#1"},
				"west": {"uv": [2, 13, 2.5, 15], "texture": "#1"},
				"up": {"uv": [8.5, 15, 7.5, 14.5], "texture": "#1"},
				"down": {"uv": [15.5, 7.5, 14.5, 8], "texture": "#1"}
			}
		},
		{
			"from": [12, 9, 12],
			"to": [14, 13, 14],
			"rotation": {"angle": -22.5, "axis": "y", "origin": [11, 0, -2]},
			"faces": {
				"north": {"uv": [8, 10, 9, 12], "texture": "#1"},
				"east": {"uv": [10, 8, 11, 10], "texture": "#1"},
				"south": {"uv": [9, 10, 10, 12], "texture": "#1"},
				"west": {"uv": [10, 10, 11, 12], "texture": "#1"},
				"up": {"uv": [14, 3, 13, 2], "texture": "#1"},
				"down": {"uv": [3.5, 13, 2.5, 14], "texture": "#1"}
			}
		}
	],
	"display": {
		"thirdperson_righthand": {
			"rotation": [88, 0, -1]
		},
		"fixed": {
			"rotation": [-116, 0, 0],
			"translation": [2.25, -5, -7],
			"scale": [3.14258, 4, 3.32344]
		}
	},
	"groups": [
		{
			"name": "group",
			"origin": [0, 0, 0],
			"color": 0,
			"children": [0, 1, 2, 3, 4, 5, 6, 7, 8, 9, 10, 11, 12, 13, 14, 15, 16, 17, 18, 19, 20, 21, 22, 23, 24, 25, 26, 27, 28, 29, 30, 31, 32, 33, 34]
		}
	]
}