{"credit":"MadewithBlockbench","parent":"mechanization:base/model_block","textures":{"0":"mechanization:base/copper_cable"},"display":{"gui":{"rotation":[30,225,0],"translation":[0,0,0],"scale":[1.25,1.25,1.25]},"thirdperson_righthand":{"rotation":[75,45,0],"translation":[0,2.5,0],"scale":[0.75,0.75,0.75]},"thirdperson_lefthand":{"rotation":[75,45,0],"translation":[0,2.5,0],"scale":[0.75,0.75,0.75]},"firstperson_righthand":{"rotation":[0,45,0],"translation":[0,0,0],"scale":[0.80,0.80,0.80]},"firstperson_lefthand":{"rotation":[0,225,0],"translation":[0,0,0],"scale":[0.80,0.80,0.80]}},"elements":[{"from":[6,6,6],"to":[10,10,10],"rotation":{"angle":0,"axis":"y","origin":[8,8,8]},"faces":{"north":{"uv":[4,0,8,4],"texture":"#0"},"east":{"uv":[4,0,8,4],"texture":"#0"},"south":{"uv":[4,0,8,4],"texture":"#0"},"west":{"uv":[4,0,8,4],"texture":"#0"},"up":{"uv":[4,0,8,4],"rotation":90,"texture":"#0"},"down":{"uv":[4,0,8,4],"rotation":270,"texture":"#0"}}}],"groups":[{"name":"0","origin":[8,8,8],"color":0,"children":[0]}]}