{"credit":"MadewithBlockbench","parent":"mechanization:base/copper_cable/copper_cable","elements":[{"from":[7,9,6],"to":[15,10,7],"rotation":{"angle":0,"axis":"y","origin":[8,8,8]},"faces":{"north":{"uv":[1,7,9,8],"texture":"#0"},"south":{"uv":[1,4,9,5],"rotation":180,"texture":"#0"},"up":{"uv":[1,7,9,8],"rotation":180,"texture":"#0"},"down":{"uv":[1,7,9,8],"texture":"#0"}}},{"from":[7,6,6],"to":[15,7,7],"rotation":{"angle":0,"axis":"y","origin":[8,8,8]},"faces":{"north":{"uv":[1,7,9,8],"texture":"#0"},"south":{"uv":[1,4,9,5],"rotation":180,"texture":"#0"},"up":{"uv":[1,7,9,8],"rotation":180,"texture":"#0"},"down":{"uv":[1,7,9,8],"texture":"#0"}}},{"from":[7,6,9],"to":[15,7,10],"rotation":{"angle":0,"axis":"y","origin":[8,8,8]},"faces":{"north":{"uv":[1,7,9,8],"texture":"#0"},"south":{"uv":[1,4,9,5],"rotation":180,"texture":"#0"},"up":{"uv":[1,4,9,5],"rotation":180,"texture":"#0"},"down":{"uv":[1,4,9,5],"texture":"#0"}}},{"from":[7,7,7],"to":[15,9,9],"rotation":{"angle":0,"axis":"y","origin":[8,8,8]},"faces":{"north":{"uv":[1,5,9,7],"texture":"#0"},"south":{"uv":[1,5,15,7],"rotation":180,"texture":"#0"},"up":{"uv":[1,5,15,7],"rotation":180,"texture":"#0"},"down":{"uv":[1,5,15,7],"texture":"#0"}}},{"from":[7,9,9],"to":[15,10,10],"rotation":{"angle":0,"axis":"y","origin":[8,8,8]},"faces":{"north":{"uv":[1,7,9,8],"texture":"#0"},"south":{"uv":[1,4,9,5],"rotation":180,"texture":"#0"},"up":{"uv":[1,4,9,5],"rotation":180,"texture":"#0"},"down":{"uv":[1,4,9,5],"texture":"#0"}}},{"from":[6,6,6],"to":[7,10,10],"rotation":{"angle":0,"axis":"y","origin":[8,8,8]},"faces":{"north":{"uv":[7,0,8,4],"texture":"#0"},"east":{"uv":[4,0,8,4],"rotation":270,"texture":"#0"},"south":{"uv":[4,0,5,4],"rotation":180,"texture":"#0"},"west":{"uv":[8,0,12,4],"rotation":90,"texture":"#0"},"up":{"uv":[7,0,8,4],"rotation":180,"texture":"#0"},"down":{"uv":[4,0,5,4],"texture":"#0"}}},{"from":[15,6,6],"to":[16,10,10],"rotation":{"angle":0,"axis":"y","origin":[8,8,8]},"faces":{"north":{"uv":[4,0,5,4],"texture":"#0"},"east":{"uv":[4,0,8,4],"rotation":270,"texture":"#0"},"south":{"uv":[7,0,8,4],"rotation":180,"texture":"#0"},"west":{"uv":[4,0,8,4],"rotation":90,"texture":"#0"},"up":{"uv":[4,0,5,4],"rotation":180,"texture":"#0"},"down":{"uv":[7,0,8,4],"texture":"#0"}}}],"groups":[{"name":"1","origin":[8,8,8],"color":0,"children":[0,1,2,3,4,5,6]}]}