{"credit":"MadewithBlockbench","parent":"mechanization:base/copper_cable/copper_cable","elements":[{"from":[9,7,6],"to":[10,15,7],"rotation":{"angle":0,"axis":"x","origin":[8,8,8]},"faces":{"north":{"uv":[1,7,9,8],"rotation":90,"texture":"#0"},"east":{"uv":[1,7,9,8],"rotation":90,"texture":"#0"},"south":{"uv":[1,7,9,8],"rotation":270,"texture":"#0"},"west":{"uv":[1,4,9,5],"rotation":90,"texture":"#0"}}},{"from":[9,7,9],"to":[10,15,10],"rotation":{"angle":0,"axis":"x","origin":[8,8,8]},"faces":{"north":{"uv":[1,7,9,8],"rotation":90,"texture":"#0"},"east":{"uv":[1,7,9,8],"rotation":90,"texture":"#0"},"south":{"uv":[1,7,9,8],"rotation":270,"texture":"#0"},"west":{"uv":[1,4,9,5],"rotation":90,"texture":"#0"}}},{"from":[6,7,9],"to":[7,15,10],"rotation":{"angle":0,"axis":"x","origin":[8,8,8]},"faces":{"north":{"uv":[1,4,9,5],"rotation":90,"texture":"#0"},"east":{"uv":[1,7,9,8],"rotation":90,"texture":"#0"},"south":{"uv":[1,4,9,5],"rotation":270,"texture":"#0"},"west":{"uv":[1,4,9,5],"rotation":90,"texture":"#0"}}},{"from":[7,7,7],"to":[9,15,9],"rotation":{"angle":0,"axis":"x","origin":[8,8,8]},"faces":{"north":{"uv":[1,5,15,7],"rotation":90,"texture":"#0"},"east":{"uv":[1,5,9,7],"rotation":90,"texture":"#0"},"south":{"uv":[1,5,15,7],"rotation":270,"texture":"#0"},"west":{"uv":[1,5,15,7],"rotation":90,"texture":"#0"}}},{"from":[6,7,6],"to":[7,15,7],"rotation":{"angle":0,"axis":"x","origin":[8,8,8]},"faces":{"north":{"uv":[1,4,9,5],"rotation":90,"texture":"#0"},"east":{"uv":[1,7,9,8],"rotation":90,"texture":"#0"},"south":{"uv":[1,4,9,5],"rotation":270,"texture":"#0"},"west":{"uv":[1,4,9,5],"rotation":90,"texture":"#0"}}},{"from":[6,6,6],"to":[10,7,10],"rotation":{"angle":0,"axis":"x","origin":[8,8,8]},"faces":{"north":{"uv":[7,0,8,4],"rotation":90,"texture":"#0"},"east":{"uv":[7,0,8,4],"rotation":90,"texture":"#0"},"south":{"uv":[4,0,5,4],"rotation":270,"texture":"#0"},"west":{"uv":[4,0,5,4],"rotation":90,"texture":"#0"},"up":{"uv":[4,0,8,4],"rotation":270,"texture":"#0"},"down":{"uv":[8,0,12,4],"rotation":270,"texture":"#0"}}},{"from":[6,15,6],"to":[10,16,10],"rotation":{"angle":0,"axis":"x","origin":[8,8,8]},"faces":{"north":{"uv":[4,0,5,4],"rotation":90,"texture":"#0"},"east":{"uv":[4,0,5,4],"rotation":90,"texture":"#0"},"south":{"uv":[7,0,8,4],"rotation":270,"texture":"#0"},"west":{"uv":[7,0,8,4],"rotation":90,"texture":"#0"},"up":{"uv":[4,0,8,4],"rotation":270,"texture":"#0"},"down":{"uv":[4,0,8,4],"rotation":270,"texture":"#0"}}}],"groups":[{"name":"1","origin":[8,8,8],"color":0,"children":[0,1,2,3,4,5,6]}]}