{"credit":"MadewithBlockbench","parent":"mechanization:base/conductive_cable/copper_cable","elements":[{"from":[9,6,7],"to":[10,7,15],"rotation":{"angle":0,"axis":"y","origin":[8,8,8]},"faces":{"east":{"uv":[1,7,6,8],"texture":"#0"},"west":{"uv":[1,7,6,8],"texture":"#0"},"up":{"uv":[1,4,6,5],"rotation":270,"texture":"#0"},"down":{"uv":[1,7,6,8],"rotation":90,"texture":"#0"}}},{"from":[6,6,9],"to":[7,7,15],"rotation":{"angle":0,"axis":"y","origin":[8,8,8]},"faces":{"north":{"uv":[0,4,1,5],"texture":"#0"},"east":{"uv":[1,7,7,8],"texture":"#0"},"west":{"uv":[1,7,7,8],"texture":"#0"},"up":{"uv":[1,4,7,5],"rotation":270,"texture":"#0"},"down":{"uv":[1,7,7,8],"rotation":90,"texture":"#0"}}},{"from":[6,9,10],"to":[7,10,15],"rotation":{"angle":0,"axis":"y","origin":[8,8,8]},"faces":{"east":{"uv":[1,4,6,5],"texture":"#0"},"west":{"uv":[1,4,6,5],"texture":"#0"},"up":{"uv":[1,4,6,5],"rotation":270,"texture":"#0"},"down":{"uv":[1,7,6,8],"rotation":90,"texture":"#0"}}},{"from":[7,7,9],"to":[9,9,15],"rotation":{"angle":0,"axis":"y","origin":[8,8,8]},"faces":{"east":{"uv":[1,5,7,7],"texture":"#0"},"west":{"uv":[1,5,7,7],"texture":"#0"},"up":{"uv":[1,5,7,7],"rotation":270,"texture":"#0"},"down":{"uv":[1,5,7,7],"rotation":90,"texture":"#0"}}},{"from":[9,9,6],"to":[10,10,15],"rotation":{"angle":0,"axis":"y","origin":[8,8,8]},"faces":{"north":{"uv":[0,4,1,5],"texture":"#0"},"east":{"uv":[1,4,6,5],"texture":"#0"},"west":{"uv":[1,4,6,5],"texture":"#0"},"up":{"uv":[1,4,6,5],"rotation":270,"texture":"#0"},"down":{"uv":[1,7,6,8],"rotation":90,"texture":"#0"}}},{"from":[6,6,15],"to":[10,10,16],"rotation":{"angle":0,"axis":"y","origin":[8,8,8]},"faces":{"north":{"uv":[4,0,8,4],"texture":"#0"},"east":{"uv":[4,0,5,4],"texture":"#0"},"south":{"uv":[4,0,8,4],"texture":"#0"},"west":{"uv":[7,0,8,4],"texture":"#0"},"up":{"uv":[7,0,8,4],"rotation":270,"texture":"#0"},"down":{"uv":[4,0,5,4],"rotation":90,"texture":"#0"}}},{"from":[0,6,6],"to":[1,10,10],"rotation":{"angle":0,"axis":"y","origin":[8,8,8]},"faces":{"north":{"uv":[7,0,8,4],"texture":"#0"},"east":{"uv":[4,0,8,4],"texture":"#0"},"south":{"uv":[4,0,5,4],"texture":"#0"},"west":{"uv":[4,0,8,4],"texture":"#0"},"up":{"uv":[7,0,8,4],"texture":"#0"},"down":{"uv":[4,0,5,4],"texture":"#0"}}},{"from":[1,9,9],"to":[7,10,10],"rotation":{"angle":0,"axis":"y","origin":[8,8,8]},"faces":{"north":{"uv":[1,4,7,5],"texture":"#0"},"east":{"uv":[0,4,1,5],"texture":"#0"},"south":{"uv":[1,4,7,5],"texture":"#0"},"up":{"uv":[1,4,7,5],"texture":"#0"},"down":{"uv":[1,7,7,8],"texture":"#0"}}},{"from":[1,7,7],"to":[7,9,9],"rotation":{"angle":0,"axis":"y","origin":[8,8,8]},"faces":{"north":{"uv":[1,5,7,7],"texture":"#0"},"south":{"uv":[1,5,7,7],"texture":"#0"},"up":{"uv":[1,5,7,7],"texture":"#0"},"down":{"uv":[1,5,7,7],"texture":"#0"}}},{"from":[7,7,7],"to":[9,9,9],"rotation":{"angle":0,"axis":"y","origin":[8,8,8]},"faces":{"north":{"uv":[7,5,9,7],"texture":"#0"},"east":{"uv":[7,5,9,7],"texture":"#0"},"up":{"uv":[7,5,9,7],"texture":"#0"},"down":{"uv":[7,5,9,7],"texture":"#0"}}},{"from":[1,9,6],"to":[9,10,7],"rotation":{"angle":0,"axis":"y","origin":[8,8,8]},"faces":{"north":{"uv":[1,4,6,5],"texture":"#0"},"south":{"uv":[1,4,6,5],"texture":"#0"},"up":{"uv":[1,4,6,5],"texture":"#0"},"down":{"uv":[1,7,6,8],"texture":"#0"}}},{"from":[1,6,6],"to":[10,7,7],"rotation":{"angle":0,"axis":"y","origin":[8,8,8]},"faces":{"north":{"uv":[1,7,6,8],"texture":"#0"},"east":{"uv":[0,4,1,5],"texture":"#0"},"south":{"uv":[1,7,6,8],"texture":"#0"},"up":{"uv":[1,4,6,5],"texture":"#0"},"down":{"uv":[1,7,6,8],"texture":"#0"}}},{"from":[1,6,9],"to":[6,7,10],"rotation":{"angle":0,"axis":"y","origin":[8,8,8]},"faces":{"north":{"uv":[1,7,6,8],"texture":"#0"},"south":{"uv":[1,7,6,8],"texture":"#0"},"up":{"uv":[1,4,6,5],"texture":"#0"},"down":{"uv":[1,7,6,8],"texture":"#0"}}}],"groups":[{"name":"2b","origin":[8,8,8],"color":0,"children":[0,1,2,3,4,5,6,7,8,9,10,11,12]}]}