{
    "parent":"mechanization:base/model_block",
    "textures": {
        "0": "mechanization:base/t3_metal_plate",
        "1": "mechanization:assembly/mss_terminal_top",
        "2": "mechanization:assembly/mss_terminal_off"
    },
    "elements": [
        {
            "name": "Base",
            "from": [ 0.0, 0.0, 0.0 ], 
            "to": [ 16.0, 16.0, 16.0 ], 
            "faces": {
                "north": { "texture": "#2", "uv": [ 0.0, 0.0, 16.0, 16.0 ] },
                "east": { "texture": "#0", "uv": [ 0.0, 0.0, 16, 16.0 ] },
                "south": { "texture": "#0", "uv": [ 0.0, 0.0, 16.0, 16.0 ], "rotation": 90 },
                "west": { "texture": "#0", "uv": [ 0.0, 0.0, 16, 16.0 ] },
                "up": { "texture": "#1", "uv": [ 0.0, 0.0, 16.0, 16 ] },
                "down": { "texture": "#0", "uv": [ 0.0, 0.0, 16.0, 16 ] }
            }
        }
    ]
}