{"parent":"mechanization:base/model_block","textures":{"0":"mechanization:assembly/storage_top","1":"mechanization:assembly/storage_side","2":"mechanization:base/t2_metal_plate","3":"mechanization:base/t2_solid_dark"},"elements":[{"name":"Base","from":[0.0,0.0,0.0],"to":[16.0,16.0,16.0],"faces":{"north":{"texture":"#1","uv":[0.0,0.0,14.0,14.0]},"east":{"texture":"#1","uv":[0.0,0.0,14.0,14.0]},"south":{"texture":"#1","uv":[0.0,0.0,14.0,14.0]},"west":{"texture":"#1","uv":[0.0,0.0,14.0,14.0]},"up":{"texture":"#0","uv":[0.0,0.0,14.0,14.0]},"down":{"texture":"#0","uv":[0.0,0.0,14.0,14.0]}}}]}