{
	"credit": "Made with Blockbench",
	"texture_size": [256, 256],
	"textures": {
		"0": "crazy_adventure:mobs/battle_boss_hurt",
		"particle": "crazy_adventure:mobs/battle_boss_hurt"
	},
	"elements": [
		{
			"from": [-4, 0.25, -15],
			"to": [21, 7.25, 20],
			"faces": {
				"north": {"uv": [4.6875, 7.75, 6.25, 8.1875], "texture": "#0"},
				"east": {"uv": [7.5625, 2.8125, 9.75, 3.25], "texture": "#0"},
				"south": {"uv": [7.9375, 6.4375, 9.5, 6.875], "texture": "#0"},
				"west": {"uv": [7.5625, 3.25, 9.75, 3.6875], "texture": "#0"},
				"up": {"uv": [1.5625, 7.5, 0, 5.3125], "texture": "#0"},
				"down": {"uv": [7.5625, 2.3125, 6, 4.5], "texture": "#0"}
			}
		},
		{
			"from": [-5, 7.25, -16],
			"to": [22, 8.25, 21],
			"faces": {
				"north": {"uv": [5.4375, 9, 7.125, 9.0625], "texture": "#0"},
				"east": {"uv": [9.5, 6.5625, 11.8125, 6.625], "texture": "#0"},
				"south": {"uv": [9.625, 8.0625, 11.3125, 8.125], "texture": "#0"},
				"west": {"uv": [9.5, 6.625, 11.8125, 6.6875], "texture": "#0"},
				"up": {"uv": [4.5625, 2.3125, 2.875, 0], "texture": "#0"},
				"down": {"uv": [4.5625, 2.3125, 2.875, 4.625], "texture": "#0"}
			}
		},
		{
			"from": [-5, -0.75, -16],
			"to": [22, 0.25, 21],
			"faces": {
				"north": {"uv": [9.625, 8.125, 11.3125, 8.1875], "texture": "#0"},
				"east": {"uv": [9.5, 6.6875, 11.8125, 6.75], "texture": "#0"},
				"south": {"uv": [9.625, 8.1875, 11.3125, 8.25], "texture": "#0"},
				"west": {"uv": [9.5, 6.75, 11.8125, 6.8125], "texture": "#0"},
				"up": {"uv": [1.6875, 5.3125, 0, 3], "texture": "#0"},
				"down": {"uv": [6.25, 0, 4.5625, 2.3125], "texture": "#0"}
			}
		},
		{
			"from": [-6, 8.25, 11],
			"to": [23, 10.25, 19],
			"faces": {
				"north": {"uv": [5.4375, 9.0625, 7.25, 9.1875], "texture": "#0"},
				"east": {"uv": [10.25, 3.5625, 10.75, 3.6875], "texture": "#0"},
				"south": {"uv": [7.25, 9.0625, 9.0625, 9.1875], "texture": "#0"},
				"west": {"uv": [10.25, 8.625, 10.75, 8.75], "texture": "#0"},
				"up": {"uv": [9.375, 4.1875, 7.5625, 3.6875], "texture": "#0"},
				"down": {"uv": [9.5, 0, 7.6875, 0.5], "texture": "#0"}
			}
		},
		{
			"from": [-6, 8.25, -15],
			"to": [23, 10.25, -7],
			"faces": {
				"north": {"uv": [9.0625, 9.0625, 10.875, 9.1875], "texture": "#0"},
				"east": {"uv": [10.3125, 6.3125, 10.8125, 6.4375], "texture": "#0"},
				"south": {"uv": [9.125, 5.9375, 10.9375, 6.0625], "texture": "#0"},
				"west": {"uv": [6.6875, 10.3125, 7.1875, 10.4375], "texture": "#0"},
				"up": {"uv": [9.5, 1, 7.6875, 0.5], "texture": "#0"},
				"down": {"uv": [9.5, 1, 7.6875, 1.5], "texture": "#0"}
			}
		},
		{
			"from": [-4, 10.25, 11],
			"to": [21, 11.25, 19],
			"faces": {
				"north": {"uv": [9.6875, 1.875, 11.25, 1.9375], "texture": "#0"},
				"east": {"uv": [7.3125, 8.1875, 7.8125, 8.25], "texture": "#0"},
				"south": {"uv": [9.6875, 4.9375, 11.25, 5], "texture": "#0"},
				"west": {"uv": [10.125, 8, 10.625, 8.0625], "texture": "#0"},
				"up": {"uv": [1.5625, 8, 0, 7.5], "texture": "#0"},
				"down": {"uv": [9.25, 1.5, 7.6875, 2], "texture": "#0"}
			}
		},
		{
			"from": [-3, 11.25, 14],
			"to": [-1, 13.25, 16],
			"faces": {
				"north": {"uv": [7.5625, 10.875, 7.6875, 11], "texture": "#0"},
				"east": {"uv": [8.0625, 10.875, 8.1875, 11], "texture": "#0"},
				"south": {"uv": [8.1875, 10.875, 8.3125, 11], "texture": "#0"},
				"west": {"uv": [8.8125, 10.875, 8.9375, 11], "texture": "#0"},
				"up": {"uv": [9.0625, 11, 8.9375, 10.875], "texture": "#0"},
				"down": {"uv": [9.1875, 10.875, 9.0625, 11], "texture": "#0"}
			}
		},
		{
			"from": [17, 11.25, 14],
			"to": [19, 13.25, 16],
			"faces": {
				"north": {"uv": [10.875, 9.0625, 11, 9.1875], "texture": "#0"},
				"east": {"uv": [9.1875, 10.875, 9.3125, 11], "texture": "#0"},
				"south": {"uv": [9.3125, 10.875, 9.4375, 11], "texture": "#0"},
				"west": {"uv": [10.875, 10.125, 11, 10.25], "texture": "#0"},
				"up": {"uv": [11, 10.375, 10.875, 10.25], "texture": "#0"},
				"down": {"uv": [11, 10.375, 10.875, 10.5], "texture": "#0"}
			}
		},
		{
			"from": [17, 11.25, -12],
			"to": [19, 13.25, -10],
			"faces": {
				"north": {"uv": [10.875, 10.5625, 11, 10.6875], "texture": "#0"},
				"east": {"uv": [10.875, 10.6875, 11, 10.8125], "texture": "#0"},
				"south": {"uv": [10.8125, 10.875, 10.9375, 11], "texture": "#0"},
				"west": {"uv": [0, 10.9375, 0.125, 11.0625], "texture": "#0"},
				"up": {"uv": [11.0625, 0.125, 10.9375, 0], "texture": "#0"},
				"down": {"uv": [11.0625, 0.125, 10.9375, 0.25], "texture": "#0"}
			}
		},
		{
			"from": [-3, 11.25, -12],
			"to": [-1, 13.25, -10],
			"faces": {
				"north": {"uv": [10.9375, 0.5, 11.0625, 0.625], "texture": "#0"},
				"east": {"uv": [10.9375, 0.625, 11.0625, 0.75], "texture": "#0"},
				"south": {"uv": [10.9375, 3.0625, 11.0625, 3.1875], "texture": "#0"},
				"west": {"uv": [10.9375, 3.1875, 11.0625, 3.3125], "texture": "#0"},
				"up": {"uv": [3.75, 11.0625, 3.625, 10.9375], "texture": "#0"},
				"down": {"uv": [3.875, 10.9375, 3.75, 11.0625], "texture": "#0"}
			}
		},
		{
			"from": [4, 10.25, -7],
			"to": [11, 12.25, 11],
			"faces": {
				"north": {"uv": [10.3125, 7.6875, 10.75, 7.8125], "texture": "#0"},
				"east": {"uv": [9.5, 8.8125, 10.625, 8.9375], "texture": "#0"},
				"south": {"uv": [10.4375, 1.0625, 10.875, 1.1875], "texture": "#0"},
				"west": {"uv": [9.5, 8.9375, 10.625, 9.0625], "texture": "#0"},
				"up": {"uv": [2.125, 4.125, 1.6875, 3], "texture": "#0"},
				"down": {"uv": [2.5625, 3, 2.125, 4.125], "texture": "#0"}
			}
		},
		{
			"from": [4, 12.25, 5],
			"to": [11, 16.25, 6],
			"faces": {
				"north": {"uv": [9.25, 9.875, 9.6875, 10.125], "texture": "#0"},
				"east": {"uv": [3.875, 10.9375, 3.9375, 11.1875], "texture": "#0"},
				"south": {"uv": [9.6875, 9.875, 10.125, 10.125], "texture": "#0"},
				"west": {"uv": [3.9375, 10.9375, 4, 11.1875], "texture": "#0"},
				"up": {"uv": [11.0625, 9.25, 10.625, 9.1875], "texture": "#0"},
				"down": {"uv": [11.0625, 9.25, 10.625, 9.3125], "texture": "#0"}
			}
		},
		{
			"from": [4, 12.25, -2],
			"to": [11, 13.25, -1],
			"faces": {
				"north": {"uv": [10.625, 9.3125, 11.0625, 9.375], "texture": "#0"},
				"east": {"uv": [7.25, 8.375, 7.3125, 8.4375], "texture": "#0"},
				"south": {"uv": [10.625, 9.375, 11.0625, 9.4375], "texture": "#0"},
				"west": {"uv": [1.4375, 9.125, 1.5, 9.1875], "texture": "#0"},
				"up": {"uv": [11.0625, 9.6875, 10.625, 9.625], "texture": "#0"},
				"down": {"uv": [11.0625, 9.6875, 10.625, 9.75], "texture": "#0"}
			}
		},
		{
			"from": [10, 13.25, -2],
			"to": [11, 18.25, -1],
			"faces": {
				"north": {"uv": [9.4375, 10.8125, 9.5, 11.125], "texture": "#0"},
				"east": {"uv": [9.5, 10.8125, 9.5625, 11.125], "texture": "#0"},
				"south": {"uv": [9.5625, 10.8125, 9.625, 11.125], "texture": "#0"},
				"west": {"uv": [9.625, 10.8125, 9.6875, 11.125], "texture": "#0"},
				"up": {"uv": [11.0625, 8.5, 11, 8.4375], "texture": "#0"},
				"down": {"uv": [11.0625, 8.5, 11, 8.5625], "texture": "#0"}
			}
		},
		{
			"from": [4, 13.25, -2],
			"to": [5, 18.25, -1],
			"faces": {
				"north": {"uv": [9.6875, 10.8125, 9.75, 11.125], "texture": "#0"},
				"east": {"uv": [9.75, 10.8125, 9.8125, 11.125], "texture": "#0"},
				"south": {"uv": [10.8125, 10.125, 10.875, 10.4375], "texture": "#0"},
				"west": {"uv": [10.8125, 10.5625, 10.875, 10.875], "texture": "#0"},
				"up": {"uv": [8.625, 11.0625, 8.5625, 11], "texture": "#0"},
				"down": {"uv": [11.0625, 8.5625, 11, 8.625], "texture": "#0"}
			}
		},
		{
			"from": [4, 16.25, 5],
			"to": [5, 18.25, 6],
			"faces": {
				"north": {"uv": [11, 5.1875, 11.0625, 5.3125], "texture": "#0"},
				"east": {"uv": [11, 5.3125, 11.0625, 5.4375], "texture": "#0"},
				"south": {"uv": [5.6875, 11, 5.75, 11.125], "texture": "#0"},
				"west": {"uv": [5.75, 11, 5.8125, 11.125], "texture": "#0"},
				"up": {"uv": [8.6875, 11.0625, 8.625, 11], "texture": "#0"},
				"down": {"uv": [8.75, 11, 8.6875, 11.0625], "texture": "#0"}
			}
		},
		{
			"from": [10, 16.25, 5],
			"to": [11, 18.25, 6],
			"faces": {
				"north": {"uv": [6.9375, 11, 7, 11.125], "texture": "#0"},
				"east": {"uv": [7, 11, 7.0625, 11.125], "texture": "#0"},
				"south": {"uv": [7.0625, 11, 7.125, 11.125], "texture": "#0"},
				"west": {"uv": [7.125, 11, 7.1875, 11.125], "texture": "#0"},
				"up": {"uv": [8.8125, 11.0625, 8.75, 11], "texture": "#0"},
				"down": {"uv": [8.875, 11, 8.8125, 11.0625], "texture": "#0"}
			}
		},
		{
			"from": [4, 18.25, -2],
			"to": [11, 32, 6],
			"faces": {
				"north": {"uv": [3.5625, 8.5625, 4, 9.4375], "texture": "#0"},
				"east": {"uv": [2.5625, 8.4375, 3.0625, 9.3125], "texture": "#0"},
				"south": {"uv": [4, 8.5625, 4.4375, 9.4375], "texture": "#0"},
				"west": {"uv": [3.0625, 8.5625, 3.5625, 9.4375], "texture": "#0"},
				"up": {"uv": [2.5, 9.125, 2.0625, 8.625], "texture": "#0"},
				"down": {"uv": [2.5, 9.125, 2.0625, 9.625], "texture": "#0"}
			}
		},
		{
			"from": [11, 23, -2],
			"to": [15, 30, 6],
			"faces": {
				"north": {"uv": [9.9375, 9.1875, 10.1875, 9.625], "texture": "#0"},
				"east": {"uv": [0, 9.1875, 0.5, 9.625], "texture": "#0"},
				"south": {"uv": [10, 0, 10.25, 0.4375], "texture": "#0"},
				"west": {"uv": [0.5, 9.1875, 1, 9.625], "texture": "#0"},
				"up": {"uv": [6.4375, 10.125, 6.1875, 9.625], "texture": "#0"},
				"down": {"uv": [6.6875, 9.625, 6.4375, 10.125], "texture": "#0"}
			}
		},
		{
			"from": [12, 23, -5],
			"to": [14, 30, -2],
			"faces": {
				"north": {"uv": [3.625, 10.5, 3.75, 10.9375], "texture": "#0"},
				"east": {"uv": [9.3125, 10.125, 9.5, 10.5625], "texture": "#0"},
				"south": {"uv": [3.75, 10.5, 3.875, 10.9375], "texture": "#0"},
				"west": {"uv": [9.5, 10.125, 9.6875, 10.5625], "texture": "#0"},
				"up": {"uv": [4.25, 11, 4.125, 10.8125], "texture": "#0"},
				"down": {"uv": [10.9375, 5.5, 10.8125, 5.6875], "texture": "#0"}
			}
		},
		{
			"from": [2, 23, -5],
			"to": [4, 30, -2],
			"faces": {
				"north": {"uv": [3.875, 10.5, 4, 10.9375], "texture": "#0"},
				"east": {"uv": [9.6875, 10.125, 9.875, 10.5625], "texture": "#0"},
				"south": {"uv": [4, 10.5, 4.125, 10.9375], "texture": "#0"},
				"west": {"uv": [9.875, 10.125, 10.0625, 10.5625], "texture": "#0"},
				"up": {"uv": [10.9375, 7, 10.8125, 6.8125], "texture": "#0"},
				"down": {"uv": [10.9375, 7, 10.8125, 7.1875], "texture": "#0"}
			}
		},
		{
			"from": [2, 23, 6],
			"to": [4, 30, 9],
			"faces": {
				"north": {"uv": [10.5, 4.1875, 10.625, 4.625], "texture": "#0"},
				"east": {"uv": [10.125, 9.875, 10.3125, 10.3125], "texture": "#0"},
				"south": {"uv": [5.4375, 10.5, 5.5625, 10.9375], "texture": "#0"},
				"west": {"uv": [2.3125, 10.1875, 2.5, 10.625], "texture": "#0"},
				"up": {"uv": [10.9375, 7.375, 10.8125, 7.1875], "texture": "#0"},
				"down": {"uv": [10.9375, 7.375, 10.8125, 7.5625], "texture": "#0"}
			}
		},
		{
			"from": [12, 23, 6],
			"to": [14, 30, 9],
			"faces": {
				"north": {"uv": [5.5625, 10.5, 5.6875, 10.9375], "texture": "#0"},
				"east": {"uv": [2.5, 10.1875, 2.6875, 10.625], "texture": "#0"},
				"south": {"uv": [5.6875, 10.5, 5.8125, 10.9375], "texture": "#0"},
				"west": {"uv": [2.6875, 10.1875, 2.875, 10.625], "texture": "#0"},
				"up": {"uv": [8.6875, 11, 8.5625, 10.8125], "texture": "#0"},
				"down": {"uv": [8.8125, 10.8125, 8.6875, 11], "texture": "#0"}
			}
		},
		{
			"from": [11, 19, -2],
			"to": [12, 23, 6],
			"faces": {
				"north": {"uv": [10.9375, 3.9375, 11, 4.1875], "texture": "#0"},
				"east": {"uv": [6.6875, 9.625, 7.1875, 9.875], "texture": "#0"},
				"south": {"uv": [4, 10.9375, 4.0625, 11.1875], "texture": "#0"},
				"west": {"uv": [9.625, 6.8125, 10.125, 7.0625], "texture": "#0"},
				"up": {"uv": [1.8125, 11.125, 1.75, 10.625], "texture": "#0"},
				"down": {"uv": [1.875, 10.625, 1.8125, 11.125], "texture": "#0"}
			}
		},
		{
			"from": [12, 21, -2],
			"to": [13, 23, 6],
			"faces": {
				"north": {"uv": [7.1875, 11, 7.25, 11.125], "texture": "#0"},
				"east": {"uv": [10.3125, 6.8125, 10.8125, 6.9375], "texture": "#0"},
				"south": {"uv": [7.25, 11, 7.3125, 11.125], "texture": "#0"},
				"west": {"uv": [10.3125, 6.9375, 10.8125, 7.0625], "texture": "#0"},
				"up": {"uv": [2.375, 11.125, 2.3125, 10.625], "texture": "#0"},
				"down": {"uv": [2.4375, 10.625, 2.375, 11.125], "texture": "#0"}
			}
		},
		{
			"from": [13, 22, -2],
			"to": [14, 23, 6],
			"faces": {
				"north": {"uv": [11, 9.0625, 11.0625, 9.125], "texture": "#0"},
				"east": {"uv": [10.5625, 9.5625, 11.0625, 9.625], "texture": "#0"},
				"south": {"uv": [9.125, 11, 9.1875, 11.0625], "texture": "#0"},
				"west": {"uv": [10.5625, 10.5, 11.0625, 10.5625], "texture": "#0"},
				"up": {"uv": [2.5, 11.125, 2.4375, 10.625], "texture": "#0"},
				"down": {"uv": [2.5625, 10.625, 2.5, 11.125], "texture": "#0"}
			}
		},
		{
			"from": [12, 20, -1],
			"to": [13, 21, 5],
			"faces": {
				"north": {"uv": [9, 11, 9.0625, 11.0625], "texture": "#0"},
				"east": {"uv": [10.75, 7.6875, 11.125, 7.75], "texture": "#0"},
				"south": {"uv": [9.0625, 11, 9.125, 11.0625], "texture": "#0"},
				"west": {"uv": [10.75, 7.75, 11.125, 7.8125], "texture": "#0"},
				"up": {"uv": [1.0625, 11.1875, 1, 10.8125], "texture": "#0"},
				"down": {"uv": [1.125, 10.8125, 1.0625, 11.1875], "texture": "#0"}
			}
		},
		{
			"from": [11, 30, -2],
			"to": [14, 31, 6],
			"faces": {
				"north": {"uv": [9.875, 7.75, 10.0625, 7.8125], "texture": "#0"},
				"east": {"uv": [10.5, 4.625, 11, 4.6875], "texture": "#0"},
				"south": {"uv": [10.875, 10.8125, 11.0625, 10.875], "texture": "#0"},
				"west": {"uv": [10.5625, 1, 11.0625, 1.0625], "texture": "#0"},
				"up": {"uv": [10.3125, 7.3125, 10.125, 6.8125], "texture": "#0"},
				"down": {"uv": [10.3125, 7.3125, 10.125, 7.8125], "texture": "#0"}
			}
		},
		{
			"from": [17, 6, 18],
			"to": [18, 20, 19],
			"rotation": {"angle": -22.5, "axis": "x", "origin": [0, 0, 0]},
			"faces": {
				"north": {"uv": [2.8125, 3, 2.875, 3.875], "texture": "#0"},
				"east": {"uv": [4.375, 9.4375, 4.4375, 10.3125], "texture": "#0"},
				"south": {"uv": [2.875, 10.1875, 2.9375, 11.0625], "texture": "#0"},
				"west": {"uv": [4.375, 10.3125, 4.4375, 11.1875], "texture": "#0"},
				"up": {"uv": [10.9375, 11.0625, 10.875, 11], "texture": "#0"},
				"down": {"uv": [11.0625, 10.875, 11, 10.9375], "texture": "#0"}
			}
		},
		{
			"from": [-2, 6, 18],
			"to": [-1, 20, 19],
			"rotation": {"angle": -22.5, "axis": "x", "origin": [0, 0, 0]},
			"faces": {
				"north": {"uv": [2.25, 10.375, 2.3125, 11.25], "texture": "#0"},
				"east": {"uv": [5.8125, 10.5, 5.875, 11.375], "texture": "#0"},
				"south": {"uv": [5.875, 10.5, 5.9375, 11.375], "texture": "#0"},
				"west": {"uv": [5.9375, 10.5, 6, 11.375], "texture": "#0"},
				"up": {"uv": [11, 11.0625, 10.9375, 11], "texture": "#0"},
				"down": {"uv": [11.0625, 10.9375, 11, 11], "texture": "#0"}
			}
		},
		{
			"from": [-2, 8, -15],
			"to": [-1, 22, -14],
			"rotation": {"angle": 22.5, "axis": "x", "origin": [0, 0, 0]},
			"faces": {
				"north": {"uv": [6, 10.5, 6.0625, 11.375], "texture": "#0"},
				"east": {"uv": [6.0625, 10.5, 6.125, 11.375], "texture": "#0"},
				"south": {"uv": [6.125, 10.5, 6.1875, 11.375], "texture": "#0"},
				"west": {"uv": [6.1875, 10.5, 6.25, 11.375], "texture": "#0"},
				"up": {"uv": [11.0625, 11.0625, 11, 11], "texture": "#0"},
				"down": {"uv": [0.0625, 11.0625, 0, 11.125], "texture": "#0"}
			}
		},
		{
			"from": [17, 8, -15],
			"to": [18, 22, -14],
			"rotation": {"angle": 22.5, "axis": "x", "origin": [0, 0, 0]},
			"faces": {
				"north": {"uv": [6.25, 10.5, 6.3125, 11.375], "texture": "#0"},
				"east": {"uv": [6.3125, 10.5, 6.375, 11.375], "texture": "#0"},
				"south": {"uv": [6.375, 10.5, 6.4375, 11.375], "texture": "#0"},
				"west": {"uv": [6.4375, 10.5, 6.5, 11.375], "texture": "#0"},
				"up": {"uv": [11.125, 0.0625, 11.0625, 0], "texture": "#0"},
				"down": {"uv": [0.125, 11.0625, 0.0625, 11.125], "texture": "#0"}
			}
		},
		{
			"from": [5, 25, 13],
			"to": [6, 26, 20],
			"rotation": {"angle": 45, "axis": "y", "origin": [0, 0, 0]},
			"faces": {
				"north": {"uv": [11.0625, 0.0625, 11.125, 0.125], "texture": "#0"},
				"east": {"uv": [10.625, 9.75, 11.0625, 9.8125], "texture": "#0"},
				"south": {"uv": [11.0625, 0.125, 11.125, 0.1875], "texture": "#0"},
				"west": {"uv": [10.625, 9.8125, 11.0625, 9.875], "texture": "#0"},
				"up": {"uv": [8.4375, 11.0625, 8.375, 10.625], "texture": "#0"},
				"down": {"uv": [8.5, 10.625, 8.4375, 11.0625], "texture": "#0"}
			}
		},
		{
			"from": [2, 25, -5],
			"to": [3, 26, 2],
			"rotation": {"angle": 45, "axis": "y", "origin": [0, 0, 0]},
			"faces": {
				"north": {"uv": [11.0625, 0.1875, 11.125, 0.25], "texture": "#0"},
				"east": {"uv": [10.625, 9.875, 11.0625, 9.9375], "texture": "#0"},
				"south": {"uv": [11.0625, 0.25, 11.125, 0.3125], "texture": "#0"},
				"west": {"uv": [10.625, 9.9375, 11.0625, 10], "texture": "#0"},
				"up": {"uv": [8.5625, 11.0625, 8.5, 10.625], "texture": "#0"},
				"down": {"uv": [10.75, 0, 10.6875, 0.4375], "texture": "#0"}
			}
		},
		{
			"from": [-8, 25, 5],
			"to": [-1, 26, 6],
			"rotation": {"angle": 45, "axis": "y", "origin": [0, 0, 0]},
			"faces": {
				"north": {"uv": [10.625, 10, 11.0625, 10.0625], "texture": "#0"},
				"east": {"uv": [11.0625, 0.3125, 11.125, 0.375], "texture": "#0"},
				"south": {"uv": [10.625, 10.0625, 11.0625, 10.125], "texture": "#0"},
				"west": {"uv": [11.0625, 0.5, 11.125, 0.5625], "texture": "#0"},
				"up": {"uv": [11.125, 0.5, 10.6875, 0.4375], "texture": "#0"},
				"down": {"uv": [11.125, 2, 10.6875, 2.0625], "texture": "#0"}
			}
		},
		{
			"from": [9, 25, 8],
			"to": [16, 26, 9],
			"rotation": {"angle": 45, "axis": "y", "origin": [0, 0, 0]},
			"faces": {
				"north": {"uv": [10.6875, 2.0625, 11.125, 2.125], "texture": "#0"},
				"east": {"uv": [11.0625, 0.5625, 11.125, 0.625], "texture": "#0"},
				"south": {"uv": [10.6875, 2.125, 11.125, 2.1875], "texture": "#0"},
				"west": {"uv": [11.0625, 0.625, 11.125, 0.6875], "texture": "#0"},
				"up": {"uv": [11.125, 2.25, 10.6875, 2.1875], "texture": "#0"},
				"down": {"uv": [11.125, 2.25, 10.6875, 2.3125], "texture": "#0"}
			}
		},
		{
			"from": [14, 30, -1],
			"to": [15, 31, 5],
			"faces": {
				"north": {"uv": [8.875, 11, 8.9375, 11.0625], "texture": "#0"},
				"east": {"uv": [10.75, 3.5625, 11.125, 3.625], "texture": "#0"},
				"south": {"uv": [8.9375, 11, 9, 11.0625], "texture": "#0"},
				"west": {"uv": [10.75, 3.625, 11.125, 3.6875], "texture": "#0"},
				"up": {"uv": [0.4375, 11.1875, 0.375, 10.8125], "texture": "#0"},
				"down": {"uv": [0.5, 10.8125, 0.4375, 11.1875], "texture": "#0"}
			}
		},
		{
			"from": [11, 31, -1],
			"to": [14, 32, 5],
			"faces": {
				"north": {"uv": [10.9375, 5.5, 11.125, 5.5625], "texture": "#0"},
				"east": {"uv": [10.75, 1.1875, 11.125, 1.25], "texture": "#0"},
				"south": {"uv": [10.9375, 5.5625, 11.125, 5.625], "texture": "#0"},
				"west": {"uv": [10.75, 1.25, 11.125, 1.3125], "texture": "#0"},
				"up": {"uv": [10.4375, 0.5625, 10.25, 0.1875], "texture": "#0"},
				"down": {"uv": [10.4375, 0.5625, 10.25, 0.9375], "texture": "#0"}
			}
		},
		{
			"from": [0, 23, -2],
			"to": [4, 30, 6],
			"faces": {
				"north": {"uv": [10, 0.4375, 10.25, 0.875], "texture": "#0"},
				"east": {"uv": [1, 9.1875, 1.5, 9.625], "texture": "#0"},
				"south": {"uv": [10, 0.875, 10.25, 1.3125], "texture": "#0"},
				"west": {"uv": [5.4375, 9.1875, 5.9375, 9.625], "texture": "#0"},
				"up": {"uv": [9.875, 7.8125, 9.625, 7.3125], "texture": "#0"},
				"down": {"uv": [7.9375, 9.625, 7.6875, 10.125], "texture": "#0"}
			}
		},
		{
			"from": [1, 30, -2],
			"to": [4, 31, 6],
			"faces": {
				"north": {"uv": [10.9375, 6, 11.125, 6.0625], "texture": "#0"},
				"east": {"uv": [10.625, 3.3125, 11.125, 3.375], "texture": "#0"},
				"south": {"uv": [10.9375, 6.8125, 11.125, 6.875], "texture": "#0"},
				"west": {"uv": [10.625, 3.375, 11.125, 3.4375], "texture": "#0"},
				"up": {"uv": [7.875, 10.625, 7.6875, 10.125], "texture": "#0"},
				"down": {"uv": [8.0625, 10.125, 7.875, 10.625], "texture": "#0"}
			}
		},
		{
			"from": [1, 31, -1],
			"to": [4, 32, 5],
			"faces": {
				"north": {"uv": [10.9375, 5.625, 11.125, 5.6875], "texture": "#0"},
				"east": {"uv": [10.75, 8.75, 11.125, 8.8125], "texture": "#0"},
				"south": {"uv": [10.9375, 5.9375, 11.125, 6], "texture": "#0"},
				"west": {"uv": [10.8125, 0.875, 11.1875, 0.9375], "texture": "#0"},
				"up": {"uv": [10.4375, 1.3125, 10.25, 0.9375], "texture": "#0"},
				"down": {"uv": [1.875, 10.25, 1.6875, 10.625], "texture": "#0"}
			}
		},
		{
			"from": [0, 30, -1],
			"to": [1, 31, 5],
			"faces": {
				"north": {"uv": [9.375, 11, 9.4375, 11.0625], "texture": "#0"},
				"east": {"uv": [10.75, 8.625, 11.125, 8.6875], "texture": "#0"},
				"south": {"uv": [11, 9.4375, 11.0625, 9.5], "texture": "#0"},
				"west": {"uv": [10.75, 8.6875, 11.125, 8.75], "texture": "#0"},
				"up": {"uv": [1.3125, 11.1875, 1.25, 10.8125], "texture": "#0"},
				"down": {"uv": [1.375, 10.8125, 1.3125, 11.1875], "texture": "#0"}
			}
		},
		{
			"from": [3, 19, -2],
			"to": [4, 23, 6],
			"faces": {
				"north": {"uv": [4.0625, 10.9375, 4.125, 11.1875], "texture": "#0"},
				"east": {"uv": [9.625, 7.0625, 10.125, 7.3125], "texture": "#0"},
				"south": {"uv": [10.9375, 5.1875, 11, 5.4375], "texture": "#0"},
				"west": {"uv": [7.1875, 9.625, 7.6875, 9.875], "texture": "#0"},
				"up": {"uv": [2.875, 11.125, 2.8125, 10.625], "texture": "#0"},
				"down": {"uv": [10.6875, 2.8125, 10.625, 3.3125], "texture": "#0"}
			}
		},
		{
			"from": [2, 21, -2],
			"to": [3, 23, 6],
			"faces": {
				"north": {"uv": [7.3125, 11, 7.375, 11.125], "texture": "#0"},
				"east": {"uv": [10.3125, 7.0625, 10.8125, 7.1875], "texture": "#0"},
				"south": {"uv": [7.375, 11, 7.4375, 11.125], "texture": "#0"},
				"west": {"uv": [7.1875, 10.3125, 7.6875, 10.4375], "texture": "#0"},
				"up": {"uv": [2.75, 11.125, 2.6875, 10.625], "texture": "#0"},
				"down": {"uv": [2.8125, 10.625, 2.75, 11.125], "texture": "#0"}
			}
		},
		{
			"from": [2, 20, -1],
			"to": [3, 21, 5],
			"faces": {
				"north": {"uv": [9.25, 11, 9.3125, 11.0625], "texture": "#0"},
				"east": {"uv": [10.75, 8.25, 11.125, 8.3125], "texture": "#0"},
				"south": {"uv": [9.3125, 11, 9.375, 11.0625], "texture": "#0"},
				"west": {"uv": [10.75, 8.3125, 11.125, 8.375], "texture": "#0"},
				"up": {"uv": [1.1875, 11.1875, 1.125, 10.8125], "texture": "#0"},
				"down": {"uv": [1.25, 10.8125, 1.1875, 11.1875], "texture": "#0"}
			}
		},
		{
			"from": [1, 22, -2],
			"to": [2, 23, 6],
			"faces": {
				"north": {"uv": [11, 9.125, 11.0625, 9.1875], "texture": "#0"},
				"east": {"uv": [10.625, 0.75, 11.125, 0.8125], "texture": "#0"},
				"south": {"uv": [9.1875, 11, 9.25, 11.0625], "texture": "#0"},
				"west": {"uv": [10.625, 0.8125, 11.125, 0.875], "texture": "#0"},
				"up": {"uv": [2.625, 11.125, 2.5625, 10.625], "texture": "#0"},
				"down": {"uv": [2.6875, 10.625, 2.625, 11.125], "texture": "#0"}
			}
		},
		{
			"from": [4, 22, -5],
			"to": [12, 23, -4],
			"faces": {
				"north": {"uv": [10.625, 4.4375, 11.125, 4.5], "texture": "#0"},
				"east": {"uv": [11, 10.3125, 11.0625, 10.375], "texture": "#0"},
				"south": {"uv": [10.625, 4.5, 11.125, 4.5625], "texture": "#0"},
				"west": {"uv": [11, 10.375, 11.0625, 10.4375], "texture": "#0"},
				"up": {"uv": [11.125, 4.625, 10.625, 4.5625], "texture": "#0"},
				"down": {"uv": [11.125, 4.6875, 10.625, 4.75], "texture": "#0"}
			}
		},
		{
			"from": [5, 20, -4],
			"to": [11, 21, -3],
			"faces": {
				"north": {"uv": [10.8125, 2.3125, 11.1875, 2.375], "texture": "#0"},
				"east": {"uv": [11, 10.1875, 11.0625, 10.25], "texture": "#0"},
				"south": {"uv": [10.8125, 2.375, 11.1875, 2.4375], "texture": "#0"},
				"west": {"uv": [11, 10.25, 11.0625, 10.3125], "texture": "#0"},
				"up": {"uv": [11.1875, 2.5, 10.8125, 2.4375], "texture": "#0"},
				"down": {"uv": [11.1875, 2.5, 10.8125, 2.5625], "texture": "#0"}
			}
		},
		{
			"from": [4, 21, -4],
			"to": [12, 23, -3],
			"faces": {
				"north": {"uv": [10.3125, 7.1875, 10.8125, 7.3125], "texture": "#0"},
				"east": {"uv": [7.4375, 11, 7.5, 11.125], "texture": "#0"},
				"south": {"uv": [10.3125, 7.3125, 10.8125, 7.4375], "texture": "#0"},
				"west": {"uv": [11, 7.4375, 11.0625, 7.5625], "texture": "#0"},
				"up": {"uv": [11.125, 4.375, 10.625, 4.3125], "texture": "#0"},
				"down": {"uv": [11.125, 4.375, 10.625, 4.4375], "texture": "#0"}
			}
		},
		{
			"from": [4, 19, -3],
			"to": [12, 23, -2],
			"faces": {
				"north": {"uv": [8.4375, 9.625, 8.9375, 9.875], "texture": "#0"},
				"east": {"uv": [5.4375, 10.9375, 5.5, 11.1875], "texture": "#0"},
				"south": {"uv": [8.9375, 9.625, 9.4375, 9.875], "texture": "#0"},
				"west": {"uv": [5.5, 10.9375, 5.5625, 11.1875], "texture": "#0"},
				"up": {"uv": [11.125, 4.25, 10.625, 4.1875], "texture": "#0"},
				"down": {"uv": [11.125, 4.25, 10.625, 4.3125], "texture": "#0"}
			}
		},
		{
			"from": [5, 30, -6],
			"to": [11, 31, -5],
			"faces": {
				"north": {"uv": [10.8125, 1.5625, 11.1875, 1.625], "texture": "#0"},
				"east": {"uv": [11, 9.5, 11.0625, 9.5625], "texture": "#0"},
				"south": {"uv": [10.8125, 1.625, 11.1875, 1.6875], "texture": "#0"},
				"west": {"uv": [11, 10.125, 11.0625, 10.1875], "texture": "#0"},
				"up": {"uv": [11.1875, 1.75, 10.8125, 1.6875], "texture": "#0"},
				"down": {"uv": [2.25, 10.8125, 1.875, 10.875], "texture": "#0"}
			}
		},
		{
			"from": [5, 31, -5],
			"to": [11, 32, -2],
			"faces": {
				"north": {"uv": [10.8125, 0.9375, 11.1875, 1], "texture": "#0"},
				"east": {"uv": [10.9375, 7, 11.125, 7.0625], "texture": "#0"},
				"south": {"uv": [10.8125, 1.5, 11.1875, 1.5625], "texture": "#0"},
				"west": {"uv": [10.9375, 7.0625, 11.125, 7.125], "texture": "#0"},
				"up": {"uv": [10.625, 3, 10.25, 2.8125], "texture": "#0"},
				"down": {"uv": [10.625, 3, 10.25, 3.1875], "texture": "#0"}
			}
		},
		{
			"from": [4, 30, -5],
			"to": [12, 31, -2],
			"faces": {
				"north": {"uv": [10.625, 3.4375, 11.125, 3.5], "texture": "#0"},
				"east": {"uv": [10.9375, 6.875, 11.125, 6.9375], "texture": "#0"},
				"south": {"uv": [10.625, 3.5, 11.125, 3.5625], "texture": "#0"},
				"west": {"uv": [10.9375, 6.9375, 11.125, 7], "texture": "#0"},
				"up": {"uv": [10.4375, 8.4375, 9.9375, 8.25], "texture": "#0"},
				"down": {"uv": [10.625, 4.6875, 10.125, 4.875], "texture": "#0"}
			}
		},
		{
			"from": [4, 23, -6],
			"to": [12, 30, -2],
			"faces": {
				"north": {"uv": [5.9375, 9.1875, 6.4375, 9.625], "texture": "#0"},
				"east": {"uv": [10, 2.8125, 10.25, 3.25], "texture": "#0"},
				"south": {"uv": [6.4375, 9.1875, 6.9375, 9.625], "texture": "#0"},
				"west": {"uv": [10, 3.25, 10.25, 3.6875], "texture": "#0"},
				"up": {"uv": [10.125, 8.0625, 9.625, 7.8125], "texture": "#0"},
				"down": {"uv": [8.4375, 9.625, 7.9375, 9.875], "texture": "#0"}
			}
		},
		{
			"from": [4, 22, 8],
			"to": [12, 23, 9],
			"faces": {
				"north": {"uv": [10.625, 8.8125, 11.125, 8.875], "texture": "#0"},
				"east": {"uv": [11, 10.75, 11.0625, 10.8125], "texture": "#0"},
				"south": {"uv": [10.625, 8.875, 11.125, 8.9375], "texture": "#0"},
				"west": {"uv": [10.8125, 11, 10.875, 11.0625], "texture": "#0"},
				"up": {"uv": [11.125, 9, 10.625, 8.9375], "texture": "#0"},
				"down": {"uv": [11.125, 9, 10.625, 9.0625], "texture": "#0"}
			}
		},
		{
			"from": [5, 20, 7],
			"to": [11, 21, 8],
			"faces": {
				"north": {"uv": [10.8125, 2.9375, 11.1875, 3], "texture": "#0"},
				"east": {"uv": [11, 10.625, 11.0625, 10.6875], "texture": "#0"},
				"south": {"uv": [10.8125, 3, 11.1875, 3.0625], "texture": "#0"},
				"west": {"uv": [11, 10.6875, 11.0625, 10.75], "texture": "#0"},
				"up": {"uv": [3.625, 10.875, 3.25, 10.8125], "texture": "#0"},
				"down": {"uv": [11.1875, 5.4375, 10.8125, 5.5], "texture": "#0"}
			}
		},
		{
			"from": [4, 21, 7],
			"to": [12, 23, 8],
			"faces": {
				"north": {"uv": [10.3125, 7.4375, 10.8125, 7.5625], "texture": "#0"},
				"east": {"uv": [7.5, 11, 7.5625, 11.125], "texture": "#0"},
				"south": {"uv": [10.3125, 7.5625, 10.8125, 7.6875], "texture": "#0"},
				"west": {"uv": [7.5625, 11, 7.625, 11.125], "texture": "#0"},
				"up": {"uv": [11.125, 8, 10.625, 7.9375], "texture": "#0"},
				"down": {"uv": [11.125, 8, 10.625, 8.0625], "texture": "#0"}
			}
		},
		{
			"from": [4, 19, 6],
			"to": [12, 23, 7],
			"faces": {
				"north": {"uv": [9.6875, 4.1875, 10.1875, 4.4375], "texture": "#0"},
				"east": {"uv": [5.5625, 10.9375, 5.625, 11.1875], "texture": "#0"},
				"south": {"uv": [9.6875, 4.4375, 10.1875, 4.6875], "texture": "#0"},
				"west": {"uv": [5.625, 10.9375, 5.6875, 11.1875], "texture": "#0"},
				"up": {"uv": [11.125, 7.875, 10.625, 7.8125], "texture": "#0"},
				"down": {"uv": [11.125, 7.875, 10.625, 7.9375], "texture": "#0"}
			}
		},
		{
			"from": [5, 30, 9],
			"to": [11, 31, 10],
			"faces": {
				"north": {"uv": [10.8125, 2.6875, 11.1875, 2.75], "texture": "#0"},
				"east": {"uv": [11, 10.4375, 11.0625, 10.5], "texture": "#0"},
				"south": {"uv": [10.8125, 2.75, 11.1875, 2.8125], "texture": "#0"},
				"west": {"uv": [11, 10.5625, 11.0625, 10.625], "texture": "#0"},
				"up": {"uv": [11.1875, 2.875, 10.8125, 2.8125], "texture": "#0"},
				"down": {"uv": [11.1875, 2.875, 10.8125, 2.9375], "texture": "#0"}
			}
		},
		{
			"from": [5, 31, 6],
			"to": [11, 32, 9],
			"faces": {
				"north": {"uv": [10.8125, 2.5625, 11.1875, 2.625], "texture": "#0"},
				"east": {"uv": [10.9375, 7.25, 11.125, 7.3125], "texture": "#0"},
				"south": {"uv": [10.8125, 2.625, 11.1875, 2.6875], "texture": "#0"},
				"west": {"uv": [10.9375, 7.3125, 11.125, 7.375], "texture": "#0"},
				"up": {"uv": [10.625, 3.375, 10.25, 3.1875], "texture": "#0"},
				"down": {"uv": [10.625, 3.375, 10.25, 3.5625], "texture": "#0"}
			}
		},
		{
			"from": [4, 30, 6],
			"to": [12, 31, 9],
			"faces": {
				"north": {"uv": [10.625, 4.75, 11.125, 4.8125], "texture": "#0"},
				"east": {"uv": [10.9375, 7.125, 11.125, 7.1875], "texture": "#0"},
				"south": {"uv": [10.625, 4.8125, 11.125, 4.875], "texture": "#0"},
				"west": {"uv": [10.9375, 7.1875, 11.125, 7.25], "texture": "#0"},
				"up": {"uv": [10.625, 8, 10.125, 7.8125], "texture": "#0"},
				"down": {"uv": [8.5625, 10.125, 8.0625, 10.3125], "texture": "#0"}
			}
		},
		{
			"from": [4, 23, 6],
			"to": [12, 30, 10],
			"faces": {
				"north": {"uv": [6.9375, 9.1875, 7.4375, 9.625], "texture": "#0"},
				"east": {"uv": [0.5, 10.125, 0.75, 10.5625], "texture": "#0"},
				"south": {"uv": [7.4375, 9.1875, 7.9375, 9.625], "texture": "#0"},
				"west": {"uv": [0.75, 10.125, 1, 10.5625], "texture": "#0"},
				"up": {"uv": [9.9375, 9.875, 9.4375, 9.625], "texture": "#0"},
				"down": {"uv": [10.1875, 1.5, 9.6875, 1.75], "texture": "#0"}
			}
		},
		{
			"from": [5, 15.25, -2],
			"to": [10, 16.25, -1],
			"faces": {
				"north": {"uv": [10.8125, 7.5625, 11.125, 7.625], "texture": "#0"},
				"east": {"uv": [10.0625, 7.75, 10.125, 7.8125], "texture": "#0"},
				"south": {"uv": [10.8125, 7.625, 11.125, 7.6875], "texture": "#0"},
				"west": {"uv": [10.0625, 10.25, 10.125, 10.3125], "texture": "#0"},
				"up": {"uv": [9.125, 10.875, 8.8125, 10.8125], "texture": "#0"},
				"down": {"uv": [9.4375, 10.8125, 9.125, 10.875], "texture": "#0"}
			}
		},
		{
			"from": [10, 15.25, -1],
			"to": [11, 16.25, 5],
			"faces": {
				"north": {"uv": [10.8125, 10.4375, 10.875, 10.5], "texture": "#0"},
				"east": {"uv": [5.4375, 8.5625, 5.8125, 8.625], "texture": "#0"},
				"south": {"uv": [11, 4.625, 11.0625, 4.6875], "texture": "#0"},
				"west": {"uv": [10.6875, 5.8125, 11.0625, 5.875], "texture": "#0"},
				"up": {"uv": [10.125, 11.125, 10.0625, 10.75], "texture": "#0"},
				"down": {"uv": [10.1875, 10.75, 10.125, 11.125], "texture": "#0"}
			}
		},
		{
			"from": [10, 12.25, -1],
			"to": [11, 13.25, 5],
			"faces": {
				"north": {"uv": [8.25, 11, 8.3125, 11.0625], "texture": "#0"},
				"east": {"uv": [10.6875, 6.25, 11.0625, 6.3125], "texture": "#0"},
				"south": {"uv": [11, 8.375, 11.0625, 8.4375], "texture": "#0"},
				"west": {"uv": [10.75, 0.375, 11.125, 0.4375], "texture": "#0"},
				"up": {"uv": [0.3125, 11.1875, 0.25, 10.8125], "texture": "#0"},
				"down": {"uv": [0.375, 10.8125, 0.3125, 11.1875], "texture": "#0"}
			}
		},
		{
			"from": [4, 15.25, -1],
			"to": [5, 16.25, 5],
			"faces": {
				"north": {"uv": [7.625, 11, 7.6875, 11.0625], "texture": "#0"},
				"east": {"uv": [10.6875, 5.875, 11.0625, 5.9375], "texture": "#0"},
				"south": {"uv": [8.0625, 11, 8.125, 11.0625], "texture": "#0"},
				"west": {"uv": [10.6875, 6.0625, 11.0625, 6.125], "texture": "#0"},
				"up": {"uv": [10.25, 11.125, 10.1875, 10.75], "texture": "#0"},
				"down": {"uv": [10.3125, 10.75, 10.25, 11.125], "texture": "#0"}
			}
		},
		{
			"from": [4, 12.25, -1],
			"to": [5, 13.25, 5],
			"faces": {
				"north": {"uv": [8.125, 11, 8.1875, 11.0625], "texture": "#0"},
				"east": {"uv": [10.6875, 6.125, 11.0625, 6.1875], "texture": "#0"},
				"south": {"uv": [8.1875, 11, 8.25, 11.0625], "texture": "#0"},
				"west": {"uv": [10.6875, 6.1875, 11.0625, 6.25], "texture": "#0"},
				"up": {"uv": [10.8125, 10.9375, 10.75, 10.5625], "texture": "#0"},
				"down": {"uv": [10.875, 0, 10.8125, 0.375], "texture": "#0"}
			}
		},
		{
			"from": [-4, 10.25, -15],
			"to": [21, 11.25, -7],
			"faces": {
				"north": {"uv": [9.6875, 5, 11.25, 5.0625], "texture": "#0"},
				"east": {"uv": [10.25, 8.75, 10.75, 8.8125], "texture": "#0"},
				"south": {"uv": [9.75, 1.3125, 11.3125, 1.375], "texture": "#0"},
				"west": {"uv": [10.4375, 8.375, 10.9375, 8.4375], "texture": "#0"},
				"up": {"uv": [9.25, 4.6875, 7.6875, 4.1875], "texture": "#0"},
				"down": {"uv": [9.25, 4.6875, 7.6875, 5.1875], "texture": "#0"}
			}
		},
		{
			"from": [-4, 8.25, -16],
			"to": [21, 9.25, 21],
			"faces": {
				"north": {"uv": [9.6875, 1.75, 11.25, 1.8125], "texture": "#0"},
				"east": {"uv": [9.5, 6.4375, 11.8125, 6.5], "texture": "#0"},
				"south": {"uv": [9.6875, 1.8125, 11.25, 1.875], "texture": "#0"},
				"west": {"uv": [9.5, 6.5, 11.8125, 6.5625], "texture": "#0"},
				"up": {"uv": [4.6875, 7.25, 3.125, 4.9375], "texture": "#0"},
				"down": {"uv": [6.25, 4.9375, 4.6875, 7.25], "texture": "#0"}
			}
		},
		{
			"from": [-3, 9.25, -16],
			"to": [20, 10.25, 21],
			"faces": {
				"north": {"uv": [5.8125, 8.375, 7.25, 8.4375], "texture": "#0"},
				"east": {"uv": [9.5, 1.375, 11.8125, 1.4375], "texture": "#0"},
				"south": {"uv": [10.125, 4.875, 11.5625, 4.9375], "texture": "#0"},
				"west": {"uv": [9.5, 1.4375, 11.8125, 1.5], "texture": "#0"},
				"up": {"uv": [7.6875, 2.3125, 6.25, 0], "texture": "#0"},
				"down": {"uv": [7.6875, 4.5, 6.25, 6.8125], "texture": "#0"}
			}
		},
		{
			"from": [20, -12, -2],
			"to": [22, -8, 17],
			"faces": {
				"north": {"uv": [8.5625, 10.5625, 8.6875, 10.8125], "texture": "#0"},
				"east": {"uv": [1.6875, 4.125, 2.875, 4.375], "texture": "#0"},
				"south": {"uv": [8.6875, 10.5625, 8.8125, 10.8125], "texture": "#0"},
				"west": {"uv": [1.6875, 4.375, 2.875, 4.625], "texture": "#0"},
				"up": {"uv": [1.6875, 6.5, 1.5625, 5.3125], "texture": "#0"},
				"down": {"uv": [4.375, 9.4375, 4.25, 10.625], "texture": "#0"}
			}
		},
		{
			"from": [-5, -15, 26],
			"to": [22, -12, 32],
			"faces": {
				"north": {"uv": [6.25, 8, 7.9375, 8.1875], "texture": "#0"},
				"east": {"uv": [10.1875, 9.4375, 10.5625, 9.625], "texture": "#0"},
				"south": {"uv": [0, 8.625, 1.6875, 8.8125], "texture": "#0"},
				"west": {"uv": [10.25, 0, 10.625, 0.1875], "texture": "#0"},
				"up": {"uv": [9.625, 7.25, 7.9375, 6.875], "texture": "#0"},
				"down": {"uv": [9.625, 7.25, 7.9375, 7.625], "texture": "#0"}
			}
		},
		{
			"from": [-5, -15, -2],
			"to": [22, -12, 17],
			"faces": {
				"north": {"uv": [5.4375, 8.625, 7.125, 8.8125], "texture": "#0"},
				"east": {"uv": [9.125, 6.0625, 10.3125, 6.25], "texture": "#0"},
				"south": {"uv": [7.125, 8.625, 8.8125, 8.8125], "texture": "#0"},
				"west": {"uv": [9.125, 6.25, 10.3125, 6.4375], "texture": "#0"},
				"up": {"uv": [7.9375, 8, 6.25, 6.8125], "texture": "#0"},
				"down": {"uv": [3.25, 7.25, 1.5625, 8.4375], "texture": "#0"}
			}
		},
		{
			"from": [20, -16, -10],
			"to": [24, -9, -3],
			"faces": {
				"north": {"uv": [9.75, 0.4375, 10, 0.875], "texture": "#0"},
				"east": {"uv": [8.8125, 9.1875, 9.25, 9.625], "texture": "#0"},
				"south": {"uv": [9.75, 0.875, 10, 1.3125], "texture": "#0"},
				"west": {"uv": [9.25, 1.5, 9.6875, 1.9375], "texture": "#0"},
				"up": {"uv": [2.5625, 10.1875, 2.3125, 9.75], "texture": "#0"},
				"down": {"uv": [2.8125, 9.75, 2.5625, 10.1875], "texture": "#0"}
			}
		},
		{
			"from": [20, -8, -16],
			"to": [22, -4, 32],
			"faces": {
				"north": {"uv": [10.5, 9.1875, 10.625, 9.4375], "texture": "#0"},
				"east": {"uv": [7.6875, 2, 10.6875, 2.25], "texture": "#0"},
				"south": {"uv": [10.5625, 2.3125, 10.6875, 2.5625], "texture": "#0"},
				"west": {"uv": [7.6875, 5.1875, 10.6875, 5.4375], "texture": "#0"},
				"up": {"uv": [4.5625, 11.5625, 4.4375, 8.5625], "texture": "#0"},
				"down": {"uv": [4.6875, 8.5625, 4.5625, 11.5625], "texture": "#0"}
			}
		},
		{
			"from": [22, -8, -16],
			"to": [23, -7, 32],
			"faces": {
				"north": {"uv": [11.0625, 0.6875, 11.125, 0.75], "texture": "#0"},
				"east": {"uv": [7.6875, 2.25, 10.6875, 2.3125], "texture": "#0"},
				"south": {"uv": [11.0625, 1, 11.125, 1.0625], "texture": "#0"},
				"west": {"uv": [9.25, 1.9375, 12.25, 2], "texture": "#0"},
				"up": {"uv": [1.5625, 12, 1.5, 9], "texture": "#0"},
				"down": {"uv": [1.625, 9, 1.5625, 12], "texture": "#0"}
			}
		},
		{
			"from": [22, -6, -16],
			"to": [23, -5, 32],
			"faces": {
				"north": {"uv": [11.0625, 1.0625, 11.125, 1.125], "texture": "#0"},
				"east": {"uv": [9.25, 5.0625, 12.25, 5.125], "texture": "#0"},
				"south": {"uv": [11.0625, 1.125, 11.125, 1.1875], "texture": "#0"},
				"west": {"uv": [9.25, 5.125, 12.25, 5.1875], "texture": "#0"},
				"up": {"uv": [1.6875, 12, 1.625, 9], "texture": "#0"},
				"down": {"uv": [3, 9.3125, 2.9375, 12.3125], "texture": "#0"}
			}
		},
		{
			"from": [-6, -6, -16],
			"to": [-5, -5, 32],
			"faces": {
				"north": {"uv": [2.875, 11.0625, 2.9375, 11.125], "texture": "#0"},
				"east": {"uv": [9.375, 3.6875, 12.375, 3.75], "texture": "#0"},
				"south": {"uv": [11.0625, 3.0625, 11.125, 3.125], "texture": "#0"},
				"west": {"uv": [9.375, 3.75, 12.375, 3.8125], "texture": "#0"},
				"up": {"uv": [3.0625, 12.3125, 3, 9.3125], "texture": "#0"},
				"down": {"uv": [3.125, 9.4375, 3.0625, 12.4375], "texture": "#0"}
			}
		},
		{
			"from": [-6, -8, -16],
			"to": [-5, -7, 32],
			"faces": {
				"north": {"uv": [11.0625, 3.125, 11.125, 3.1875], "texture": "#0"},
				"east": {"uv": [9.375, 3.8125, 12.375, 3.875], "texture": "#0"},
				"south": {"uv": [11.0625, 3.1875, 11.125, 3.25], "texture": "#0"},
				"west": {"uv": [9.375, 3.875, 12.375, 3.9375], "texture": "#0"},
				"up": {"uv": [3.1875, 12.4375, 3.125, 9.4375], "texture": "#0"},
				"down": {"uv": [3.25, 9.4375, 3.1875, 12.4375], "texture": "#0"}
			}
		},
		{
			"from": [-5, -15, -16],
			"to": [22, -12, -11],
			"faces": {
				"north": {"uv": [0, 8.8125, 1.6875, 9], "texture": "#0"},
				"east": {"uv": [8.0625, 10.3125, 8.375, 10.5], "texture": "#0"},
				"south": {"uv": [5.4375, 8.8125, 7.125, 9], "texture": "#0"},
				"west": {"uv": [10.3125, 9.625, 10.625, 9.8125], "texture": "#0"},
				"up": {"uv": [9.625, 7.9375, 7.9375, 7.625], "texture": "#0"},
				"down": {"uv": [9.625, 7.9375, 7.9375, 8.25], "texture": "#0"}
			}
		},
		{
			"from": [20, -4, -16],
			"to": [22, -1, 25],
			"faces": {
				"north": {"uv": [10.6875, 2.3125, 10.8125, 2.5], "texture": "#0"},
				"east": {"uv": [3.25, 8.375, 5.8125, 8.5625], "texture": "#0"},
				"south": {"uv": [10.6875, 2.5, 10.8125, 2.6875], "texture": "#0"},
				"west": {"uv": [0, 8.4375, 2.5625, 8.625], "texture": "#0"},
				"up": {"uv": [5.0625, 11.125, 4.9375, 8.5625], "texture": "#0"},
				"down": {"uv": [5.1875, 8.5625, 5.0625, 11.125], "texture": "#0"}
			}
		},
		{
			"from": [-7, -16, 18],
			"to": [-3, -9, 25],
			"faces": {
				"north": {"uv": [6.9375, 9.875, 7.1875, 10.3125], "texture": "#0"},
				"east": {"uv": [9.25, 9.1875, 9.6875, 9.625], "texture": "#0"},
				"south": {"uv": [7.1875, 9.875, 7.4375, 10.3125], "texture": "#0"},
				"west": {"uv": [2.5, 9.3125, 2.9375, 9.75], "texture": "#0"},
				"up": {"uv": [10.125, 7.75, 9.875, 7.3125], "texture": "#0"},
				"down": {"uv": [7.6875, 9.875, 7.4375, 10.3125], "texture": "#0"}
			}
		},
		{
			"from": [20, -4, 25],
			"to": [22, -3, 30],
			"faces": {
				"north": {"uv": [7.8125, 8.1875, 7.9375, 8.25], "texture": "#0"},
				"east": {"uv": [10.8125, 5.6875, 11.125, 5.75], "texture": "#0"},
				"south": {"uv": [9.5, 6.8125, 9.625, 6.875], "texture": "#0"},
				"west": {"uv": [10.8125, 5.75, 11.125, 5.8125], "texture": "#0"},
				"up": {"uv": [0.75, 10.875, 0.625, 10.5625], "texture": "#0"},
				"down": {"uv": [0.875, 10.5625, 0.75, 10.875], "texture": "#0"}
			}
		},
		{
			"from": [-7, -16, -10],
			"to": [-3, -9, -3],
			"faces": {
				"north": {"uv": [9.75, 2.8125, 10, 3.25], "texture": "#0"},
				"east": {"uv": [9.25, 4.1875, 9.6875, 4.625], "texture": "#0"},
				"south": {"uv": [9.75, 3.25, 10, 3.6875], "texture": "#0"},
				"west": {"uv": [9.25, 4.625, 9.6875, 5.0625], "texture": "#0"},
				"up": {"uv": [1.9375, 10.25, 1.6875, 9.8125], "texture": "#0"},
				"down": {"uv": [6.9375, 9.875, 6.6875, 10.3125], "texture": "#0"}
			}
		},
		{
			"from": [20, -12, 26],
			"to": [22, -8, 32],
			"faces": {
				"north": {"uv": [10.5625, 2.5625, 10.6875, 2.8125], "texture": "#0"},
				"east": {"uv": [9.9375, 9.625, 10.3125, 9.875], "texture": "#0"},
				"south": {"uv": [10.5625, 3.9375, 10.6875, 4.1875], "texture": "#0"},
				"west": {"uv": [1, 10.125, 1.375, 10.375], "texture": "#0"},
				"up": {"uv": [6.625, 10.875, 6.5, 10.5], "texture": "#0"},
				"down": {"uv": [8.1875, 10.5, 8.0625, 10.875], "texture": "#0"}
			}
		},
		{
			"from": [-5, -4, 25],
			"to": [-3, -3, 30],
			"faces": {
				"north": {"uv": [5.6875, 10.9375, 5.8125, 11], "texture": "#0"},
				"east": {"uv": [10.8125, 6.3125, 11.125, 6.375], "texture": "#0"},
				"south": {"uv": [10.9375, 7.375, 11.0625, 7.4375], "texture": "#0"},
				"west": {"uv": [10.8125, 6.375, 11.125, 6.4375], "texture": "#0"},
				"up": {"uv": [1, 10.875, 0.875, 10.5625], "texture": "#0"},
				"down": {"uv": [1.5, 10.5625, 1.375, 10.875], "texture": "#0"}
			}
		},
		{
			"from": [20, -16, 18],
			"to": [24, -9, 25],
			"faces": {
				"north": {"uv": [2.5625, 3.6875, 2.8125, 4.125], "texture": "#0"},
				"east": {"uv": [7.9375, 9.1875, 8.375, 9.625], "texture": "#0"},
				"south": {"uv": [6, 4.5, 6.25, 4.9375], "texture": "#0"},
				"west": {"uv": [8.375, 9.1875, 8.8125, 9.625], "texture": "#0"},
				"up": {"uv": [9.9375, 9.625, 9.6875, 9.1875], "texture": "#0"},
				"down": {"uv": [10, 0, 9.75, 0.4375], "texture": "#0"}
			}
		},
		{
			"from": [-5, -8, -16],
			"to": [-3, -4, 32],
			"faces": {
				"north": {"uv": [9.5625, 10.5625, 9.6875, 10.8125], "texture": "#0"},
				"east": {"uv": [7.6875, 5.4375, 10.6875, 5.6875], "texture": "#0"},
				"south": {"uv": [9.6875, 10.5625, 9.8125, 10.8125], "texture": "#0"},
				"west": {"uv": [7.6875, 5.6875, 10.6875, 5.9375], "texture": "#0"},
				"up": {"uv": [4.8125, 11.5625, 4.6875, 8.5625], "texture": "#0"},
				"down": {"uv": [4.9375, 8.5625, 4.8125, 11.5625], "texture": "#0"}
			}
		},
		{
			"from": [-5, -12, 26],
			"to": [-3, -8, 32],
			"faces": {
				"north": {"uv": [9.3125, 10.5625, 9.4375, 10.8125], "texture": "#0"},
				"east": {"uv": [1.9375, 10.125, 2.3125, 10.375], "texture": "#0"},
				"south": {"uv": [9.4375, 10.5625, 9.5625, 10.8125], "texture": "#0"},
				"west": {"uv": [3.25, 10.125, 3.625, 10.375], "texture": "#0"},
				"up": {"uv": [8.3125, 10.875, 8.1875, 10.5], "texture": "#0"},
				"down": {"uv": [0.125, 10.5625, 0, 10.9375], "texture": "#0"}
			}
		},
		{
			"from": [20, -12, -16],
			"to": [22, -8, -11],
			"faces": {
				"north": {"uv": [4.125, 10.5625, 4.25, 10.8125], "texture": "#0"},
				"east": {"uv": [10.1875, 1.5, 10.5, 1.75], "texture": "#0"},
				"south": {"uv": [10.5625, 6.0625, 10.6875, 6.3125], "texture": "#0"},
				"west": {"uv": [10.1875, 4.1875, 10.5, 4.4375], "texture": "#0"},
				"up": {"uv": [1.6875, 7.25, 1.5625, 6.9375], "texture": "#0"},
				"down": {"uv": [7.6875, 4.1875, 7.5625, 4.5], "texture": "#0"}
			}
		},
		{
			"from": [-5, -12, -16],
			"to": [-3, -8, -11],
			"faces": {
				"north": {"uv": [8.8125, 10.5625, 8.9375, 10.8125], "texture": "#0"},
				"east": {"uv": [10.1875, 4.4375, 10.5, 4.6875], "texture": "#0"},
				"south": {"uv": [8.9375, 10.5625, 9.0625, 10.8125], "texture": "#0"},
				"west": {"uv": [10.1875, 9.1875, 10.5, 9.4375], "texture": "#0"},
				"up": {"uv": [2.0625, 10.125, 1.9375, 9.8125], "texture": "#0"},
				"down": {"uv": [10.625, 9.8125, 10.5, 10.125], "texture": "#0"}
			}
		},
		{
			"from": [-5, -12, -2],
			"to": [-3, -8, 17],
			"faces": {
				"north": {"uv": [9.0625, 10.5625, 9.1875, 10.8125], "texture": "#0"},
				"east": {"uv": [7.125, 8.8125, 8.3125, 9.0625], "texture": "#0"},
				"south": {"uv": [9.1875, 10.5625, 9.3125, 10.8125], "texture": "#0"},
				"west": {"uv": [8.3125, 8.8125, 9.5, 9.0625], "texture": "#0"},
				"up": {"uv": [0.375, 10.8125, 0.25, 9.625], "texture": "#0"},
				"down": {"uv": [0.5, 9.625, 0.375, 10.8125], "texture": "#0"}
			}
		},
		{
			"from": [-5, -4, -16],
			"to": [-3, -1, 25],
			"faces": {
				"north": {"uv": [10.6875, 2.6875, 10.8125, 2.875], "texture": "#0"},
				"east": {"uv": [5.8125, 8.4375, 8.375, 8.625], "texture": "#0"},
				"south": {"uv": [10.6875, 2.875, 10.8125, 3.0625], "texture": "#0"},
				"west": {"uv": [8.375, 8.4375, 10.9375, 8.625], "texture": "#0"},
				"up": {"uv": [5.3125, 11.125, 5.1875, 8.5625], "texture": "#0"},
				"down": {"uv": [5.4375, 8.5625, 5.3125, 11.125], "texture": "#0"}
			}
		},
		{
			"from": [-3, -12, -16],
			"to": [20, -4, 32],
			"faces": {
				"north": {"uv": [7.6875, 5.9375, 9.125, 6.4375], "texture": "#0"},
				"east": {"uv": [3.25, 7.25, 6.25, 7.75], "texture": "#0"},
				"south": {"uv": [3.25, 7.75, 4.6875, 8.25], "texture": "#0"},
				"west": {"uv": [7.5625, 2.3125, 10.5625, 2.8125], "texture": "#0"},
				"up": {"uv": [1.4375, 3, 0, 0], "texture": "#0"},
				"down": {"uv": [2.875, 0, 1.4375, 3], "texture": "#0"}
			}
		},
		{
			"from": [4, -4, 28],
			"to": [11, 0, 32],
			"faces": {
				"north": {"uv": [9.6875, 4.6875, 10.125, 4.9375], "texture": "#0"},
				"east": {"uv": [0, 10.3125, 0.25, 10.5625], "texture": "#0"},
				"south": {"uv": [7.9375, 9.875, 8.375, 10.125], "texture": "#0"},
				"west": {"uv": [10.3125, 6.0625, 10.5625, 6.3125], "texture": "#0"},
				"up": {"uv": [8.8125, 10.125, 8.375, 9.875], "texture": "#0"},
				"down": {"uv": [9.25, 9.875, 8.8125, 10.125], "texture": "#0"}
			}
		},
		{
			"from": [6, 0, 29],
			"to": [9, 7, 31],
			"faces": {
				"north": {"uv": [8.5625, 10.125, 8.75, 10.5625], "texture": "#0"},
				"east": {"uv": [1.5625, 6.5, 1.6875, 6.9375], "texture": "#0"},
				"south": {"uv": [8.75, 10.125, 8.9375, 10.5625], "texture": "#0"},
				"west": {"uv": [1.4375, 8, 1.5625, 8.4375], "texture": "#0"},
				"up": {"uv": [3.25, 8.5625, 3.0625, 8.4375], "texture": "#0"},
				"down": {"uv": [2.5, 9.625, 2.3125, 9.75], "texture": "#0"}
			}
		},
		{
			"from": [6, 7, 24],
			"to": [9, 14, 26],
			"faces": {
				"north": {"uv": [8.9375, 10.125, 9.125, 10.5625], "texture": "#0"},
				"east": {"uv": [2.8125, 9.75, 2.9375, 10.1875], "texture": "#0"},
				"south": {"uv": [9.125, 10.125, 9.3125, 10.5625], "texture": "#0"},
				"west": {"uv": [1.375, 10.125, 1.5, 10.5625], "texture": "#0"},
				"up": {"uv": [10.875, 4.0625, 10.6875, 3.9375], "texture": "#0"},
				"down": {"uv": [10.875, 4.0625, 10.6875, 4.1875], "texture": "#0"}
			}
		},
		{
			"from": [20, 0, 19],
			"to": [22, 7, 21],
			"faces": {
				"north": {"uv": [4.125, 10.125, 4.25, 10.5625], "texture": "#0"},
				"east": {"uv": [10.0625, 10.3125, 10.1875, 10.75], "texture": "#0"},
				"south": {"uv": [10.3125, 10.125, 10.4375, 10.5625], "texture": "#0"},
				"west": {"uv": [10.1875, 10.3125, 10.3125, 10.75], "texture": "#0"},
				"up": {"uv": [10.9375, 9.5625, 10.8125, 9.4375], "texture": "#0"},
				"down": {"uv": [11, 0.25, 10.875, 0.375], "texture": "#0"}
			}
		},
		{
			"from": [20, 0, -16],
			"to": [22, 7, -14],
			"faces": {
				"north": {"uv": [1, 10.375, 1.125, 10.8125], "texture": "#0"},
				"east": {"uv": [1.125, 10.375, 1.25, 10.8125], "texture": "#0"},
				"south": {"uv": [1.25, 10.375, 1.375, 10.8125], "texture": "#0"},
				"west": {"uv": [1.875, 10.375, 2, 10.8125], "texture": "#0"},
				"up": {"uv": [11, 1.1875, 10.875, 1.0625], "texture": "#0"},
				"down": {"uv": [7.0625, 10.875, 6.9375, 11], "texture": "#0"}
			}
		},
		{
			"from": [-5, 0, -16],
			"to": [-3, 7, -14],
			"faces": {
				"north": {"uv": [2, 10.375, 2.125, 10.8125], "texture": "#0"},
				"east": {"uv": [2.125, 10.375, 2.25, 10.8125], "texture": "#0"},
				"south": {"uv": [3.25, 10.375, 3.375, 10.8125], "texture": "#0"},
				"west": {"uv": [3.375, 10.375, 3.5, 10.8125], "texture": "#0"},
				"up": {"uv": [7.1875, 11, 7.0625, 10.875], "texture": "#0"},
				"down": {"uv": [7.3125, 10.875, 7.1875, 11], "texture": "#0"}
			}
		},
		{
			"from": [-5, 0, 19],
			"to": [-3, 7, 21],
			"faces": {
				"north": {"uv": [3.5, 10.375, 3.625, 10.8125], "texture": "#0"},
				"east": {"uv": [10.4375, 0.1875, 10.5625, 0.625], "texture": "#0"},
				"south": {"uv": [10.4375, 0.625, 10.5625, 1.0625], "texture": "#0"},
				"west": {"uv": [6.6875, 10.4375, 6.8125, 10.875], "texture": "#0"},
				"up": {"uv": [7.4375, 11, 7.3125, 10.875], "texture": "#0"},
				"down": {"uv": [7.5625, 10.875, 7.4375, 11], "texture": "#0"}
			}
		},
		{
			"from": [-5, 0, 8],
			"to": [-4, 7, 10],
			"faces": {
				"north": {"uv": [4.25, 10.625, 4.3125, 11.0625], "texture": "#0"},
				"east": {"uv": [6.8125, 10.4375, 6.9375, 10.875], "texture": "#0"},
				"south": {"uv": [4.3125, 10.625, 4.375, 11.0625], "texture": "#0"},
				"west": {"uv": [6.9375, 10.4375, 7.0625, 10.875], "texture": "#0"},
				"up": {"uv": [10.8125, 11.0625, 10.75, 10.9375], "texture": "#0"},
				"down": {"uv": [11, 10.875, 10.9375, 11], "texture": "#0"}
			}
		},
		{
			"from": [21, 0, 8],
			"to": [22, 7, 10],
			"faces": {
				"north": {"uv": [7.9375, 10.625, 8, 11.0625], "texture": "#0"},
				"east": {"uv": [7.5625, 10.4375, 7.6875, 10.875], "texture": "#0"},
				"south": {"uv": [8, 10.625, 8.0625, 11.0625], "texture": "#0"},
				"west": {"uv": [10.4375, 10.125, 10.5625, 10.5625], "texture": "#0"},
				"up": {"uv": [4.1875, 11.125, 4.125, 11], "texture": "#0"},
				"down": {"uv": [4.25, 11, 4.1875, 11.125], "texture": "#0"}
			}
		},
		{
			"from": [-5, 0, -3],
			"to": [-4, 7, -1],
			"faces": {
				"north": {"uv": [7.6875, 10.625, 7.75, 11.0625], "texture": "#0"},
				"east": {"uv": [7.0625, 10.4375, 7.1875, 10.875], "texture": "#0"},
				"south": {"uv": [7.75, 10.625, 7.8125, 11.0625], "texture": "#0"},
				"west": {"uv": [7.1875, 10.4375, 7.3125, 10.875], "texture": "#0"},
				"up": {"uv": [11.0625, 0.375, 11, 0.25], "texture": "#0"},
				"down": {"uv": [11.0625, 1.0625, 11, 1.1875], "texture": "#0"}
			}
		},
		{
			"from": [21, 0, -3],
			"to": [22, 7, -1],
			"faces": {
				"north": {"uv": [7.8125, 10.625, 7.875, 11.0625], "texture": "#0"},
				"east": {"uv": [7.3125, 10.4375, 7.4375, 10.875], "texture": "#0"},
				"south": {"uv": [7.875, 10.625, 7.9375, 11.0625], "texture": "#0"},
				"west": {"uv": [7.4375, 10.4375, 7.5625, 10.875], "texture": "#0"},
				"up": {"uv": [11.0625, 4.0625, 11, 3.9375], "texture": "#0"},
				"down": {"uv": [11.0625, 4.0625, 11, 4.1875], "texture": "#0"}
			}
		},
		{
			"from": [24, -16, 13],
			"to": [25, -5, 17],
			"rotation": {"angle": -22.5, "axis": "x", "origin": [0, 0, 0]},
			"faces": {
				"north": {"uv": [2.5, 8.625, 2.5625, 9.3125], "texture": "#0"},
				"east": {"uv": [2.5625, 3, 2.8125, 3.6875], "texture": "#0"},
				"south": {"uv": [6.625, 10.5, 6.6875, 11.1875], "texture": "#0"},
				"west": {"uv": [3.25, 9.4375, 3.5, 10.125], "texture": "#0"},
				"up": {"uv": [2.875, 4.125, 2.8125, 3.875], "texture": "#0"},
				"down": {"uv": [10.9375, 0, 10.875, 0.25], "texture": "#0"}
			}
		},
		{
			"from": [24, -6, -12],
			"to": [25, 5, -8],
			"rotation": {"angle": -22.5, "axis": "x", "origin": [0, 0, 0]},
			"faces": {
				"north": {"uv": [0.1875, 10.5625, 0.25, 11.25], "texture": "#0"},
				"east": {"uv": [4, 9.4375, 4.25, 10.125], "texture": "#0"},
				"south": {"uv": [10.5625, 0.1875, 10.625, 0.875], "texture": "#0"},
				"west": {"uv": [9.5, 0, 9.75, 0.6875], "texture": "#0"},
				"up": {"uv": [3.3125, 11.125, 3.25, 10.875], "texture": "#0"},
				"down": {"uv": [3.375, 10.875, 3.3125, 11.125], "texture": "#0"}
			}
		},
		{
			"from": [-8, -16, 12],
			"to": [-7, -5, 16],
			"rotation": {"angle": -22.5, "axis": "x", "origin": [0, 0, 0]},
			"faces": {
				"north": {"uv": [8.3125, 10.5, 8.375, 11.1875], "texture": "#0"},
				"east": {"uv": [3.5, 9.4375, 3.75, 10.125], "texture": "#0"},
				"south": {"uv": [0.125, 10.5625, 0.1875, 11.25], "texture": "#0"},
				"west": {"uv": [3.75, 9.4375, 4, 10.125], "texture": "#0"},
				"up": {"uv": [1.5, 11.125, 1.4375, 10.875], "texture": "#0"},
				"down": {"uv": [1.9375, 10.875, 1.875, 11.125], "texture": "#0"}
			}
		},
		{
			"from": [-8, -6, -12],
			"to": [-7, 5, -8],
			"rotation": {"angle": -22.5, "axis": "x", "origin": [0, 0, 0]},
			"faces": {
				"north": {"uv": [0.5, 10.5625, 0.5625, 11.25], "texture": "#0"},
				"east": {"uv": [9.5, 0.6875, 9.75, 1.375], "texture": "#0"},
				"south": {"uv": [0.5625, 10.5625, 0.625, 11.25], "texture": "#0"},
				"west": {"uv": [0, 9.625, 0.25, 10.3125], "texture": "#0"},
				"up": {"uv": [6.5625, 11.125, 6.5, 10.875], "texture": "#0"},
				"down": {"uv": [6.625, 10.875, 6.5625, 11.125], "texture": "#0"}
			}
		},
		{
			"from": [24, 0, 13],
			"to": [25, 8, 17],
			"faces": {
				"north": {"uv": [9.8125, 10.5625, 9.875, 11.0625], "texture": "#0"},
				"east": {"uv": [0.5, 9.625, 0.75, 10.125], "texture": "#0"},
				"south": {"uv": [9.875, 10.5625, 9.9375, 11.0625], "texture": "#0"},
				"west": {"uv": [0.75, 9.625, 1, 10.125], "texture": "#0"},
				"up": {"uv": [0.75, 11.125, 0.6875, 10.875], "texture": "#0"},
				"down": {"uv": [0.8125, 10.875, 0.75, 11.125], "texture": "#0"}
			}
		},
		{
			"from": [24, 0, -13],
			"to": [25, 8, -9],
			"faces": {
				"north": {"uv": [10.3125, 10.5625, 10.375, 11.0625], "texture": "#0"},
				"east": {"uv": [2.0625, 9.625, 2.3125, 10.125], "texture": "#0"},
				"south": {"uv": [10.375, 10.5625, 10.4375, 11.0625], "texture": "#0"},
				"west": {"uv": [5.4375, 9.625, 5.6875, 10.125], "texture": "#0"},
				"up": {"uv": [3.4375, 11.125, 3.375, 10.875], "texture": "#0"},
				"down": {"uv": [3.5, 10.875, 3.4375, 11.125], "texture": "#0"}
			}
		},
		{
			"from": [-8, 0, 13],
			"to": [-7, 8, 17],
			"faces": {
				"north": {"uv": [9.9375, 10.5625, 10, 11.0625], "texture": "#0"},
				"east": {"uv": [1, 9.625, 1.25, 10.125], "texture": "#0"},
				"south": {"uv": [10, 10.5625, 10.0625, 11.0625], "texture": "#0"},
				"west": {"uv": [1.25, 9.625, 1.5, 10.125], "texture": "#0"},
				"up": {"uv": [2, 11.125, 1.9375, 10.875], "texture": "#0"},
				"down": {"uv": [2.0625, 10.875, 2, 11.125], "texture": "#0"}
			}
		},
		{
			"from": [-8, 0, -13],
			"to": [-7, 8, -9],
			"faces": {
				"north": {"uv": [10.625, 0, 10.6875, 0.5], "texture": "#0"},
				"east": {"uv": [5.6875, 9.625, 5.9375, 10.125], "texture": "#0"},
				"south": {"uv": [1.6875, 10.625, 1.75, 11.125], "texture": "#0"},
				"west": {"uv": [5.9375, 9.625, 6.1875, 10.125], "texture": "#0"},
				"up": {"uv": [6.75, 11.125, 6.6875, 10.875], "texture": "#0"},
				"down": {"uv": [6.8125, 10.875, 6.75, 11.125], "texture": "#0"}
			}
		},
		{
			"from": [23, 8, 13],
			"to": [24, 10, 17],
			"faces": {
				"north": {"uv": [1.4375, 9, 1.5, 9.125], "texture": "#0"},
				"east": {"uv": [10.5625, 0.875, 10.8125, 1], "texture": "#0"},
				"south": {"uv": [10.0625, 10.125, 10.125, 10.25], "texture": "#0"},
				"west": {"uv": [10.5625, 9.4375, 10.8125, 9.5625], "texture": "#0"},
				"up": {"uv": [0.875, 11.125, 0.8125, 10.875], "texture": "#0"},
				"down": {"uv": [0.9375, 10.875, 0.875, 11.125], "texture": "#0"}
			}
		},
		{
			"from": [23, 8, -13],
			"to": [24, 10, -9],
			"faces": {
				"north": {"uv": [10.9375, 8.375, 11, 8.5], "texture": "#0"},
				"east": {"uv": [10.5625, 10.375, 10.8125, 10.5], "texture": "#0"},
				"south": {"uv": [10.9375, 8.5, 11, 8.625], "texture": "#0"},
				"west": {"uv": [10.4375, 10.5625, 10.6875, 10.6875], "texture": "#0"},
				"up": {"uv": [3.5625, 11.125, 3.5, 10.875], "texture": "#0"},
				"down": {"uv": [3.625, 10.875, 3.5625, 11.125], "texture": "#0"}
			}
		},
		{
			"from": [-7, 8, 13],
			"to": [-6, 10, 17],
			"faces": {
				"north": {"uv": [1.875, 10.25, 1.9375, 10.375], "texture": "#0"},
				"east": {"uv": [10.5625, 10.125, 10.8125, 10.25], "texture": "#0"},
				"south": {"uv": [10.9375, 7.4375, 11, 7.5625], "texture": "#0"},
				"west": {"uv": [10.5625, 10.25, 10.8125, 10.375], "texture": "#0"},
				"up": {"uv": [2.125, 11.125, 2.0625, 10.875], "texture": "#0"},
				"down": {"uv": [2.1875, 10.875, 2.125, 11.125], "texture": "#0"}
			}
		},
		{
			"from": [-7, 8, -13],
			"to": [-6, 10, -9],
			"faces": {
				"north": {"uv": [10.9375, 9.4375, 11, 9.5625], "texture": "#0"},
				"east": {"uv": [10.625, 0.5, 10.875, 0.625], "texture": "#0"},
				"south": {"uv": [10.6875, 10.9375, 10.75, 11.0625], "texture": "#0"},
				"west": {"uv": [10.625, 0.625, 10.875, 0.75], "texture": "#0"},
				"up": {"uv": [6.875, 11.125, 6.8125, 10.875], "texture": "#0"},
				"down": {"uv": [6.9375, 10.875, 6.875, 11.125], "texture": "#0"}
			}
		},
		{
			"from": [24, -14, 19],
			"to": [25, -8, 23],
			"faces": {
				"north": {"uv": [10.6875, 5.4375, 10.75, 5.8125], "texture": "#0"},
				"east": {"uv": [7.6875, 6.4375, 7.9375, 6.8125], "texture": "#0"},
				"south": {"uv": [10.4375, 10.6875, 10.5, 11.0625], "texture": "#0"},
				"west": {"uv": [3.625, 10.125, 3.875, 10.5], "texture": "#0"},
				"up": {"uv": [10.9375, 0.75, 10.875, 0.5], "texture": "#0"},
				"down": {"uv": [0.6875, 10.875, 0.625, 11.125], "texture": "#0"}
			}
		},
		{
			"from": [24, -14, -8],
			"to": [25, -8, -4],
			"faces": {
				"north": {"uv": [10.6875, 10.5625, 10.75, 10.9375], "texture": "#0"},
				"east": {"uv": [5.6875, 10.125, 5.9375, 10.5], "texture": "#0"},
				"south": {"uv": [10.625, 10.6875, 10.6875, 11.0625], "texture": "#0"},
				"west": {"uv": [5.9375, 10.125, 6.1875, 10.5], "texture": "#0"},
				"up": {"uv": [2.25, 11.125, 2.1875, 10.875], "texture": "#0"},
				"down": {"uv": [10.9375, 3.0625, 10.875, 3.3125], "texture": "#0"}
			}
		},
		{
			"from": [-8, -14, 19],
			"to": [-7, -8, 23],
			"faces": {
				"north": {"uv": [10.5, 10.6875, 10.5625, 11.0625], "texture": "#0"},
				"east": {"uv": [3.875, 10.125, 4.125, 10.5], "texture": "#0"},
				"south": {"uv": [10.5625, 10.6875, 10.625, 11.0625], "texture": "#0"},
				"west": {"uv": [5.4375, 10.125, 5.6875, 10.5], "texture": "#0"},
				"up": {"uv": [1, 11.125, 0.9375, 10.875], "texture": "#0"},
				"down": {"uv": [1.4375, 10.875, 1.375, 11.125], "texture": "#0"}
			}
		},
		{
			"from": [-8, -14, -8],
			"to": [-7, -8, -4],
			"faces": {
				"north": {"uv": [10.75, 0, 10.8125, 0.375], "texture": "#0"},
				"east": {"uv": [6.1875, 10.125, 6.4375, 10.5], "texture": "#0"},
				"south": {"uv": [10.75, 5.4375, 10.8125, 5.8125], "texture": "#0"},
				"west": {"uv": [6.4375, 10.125, 6.6875, 10.5], "texture": "#0"},
				"up": {"uv": [10.9375, 4.1875, 10.875, 3.9375], "texture": "#0"},
				"down": {"uv": [10.9375, 5.1875, 10.875, 5.4375], "texture": "#0"}
			}
		},
		{
			"from": [6, 6, 25],
			"to": [9, 8, 30],
			"faces": {
				"north": {"uv": [10.6875, 3.0625, 10.875, 3.1875], "texture": "#0"},
				"east": {"uv": [10.5, 1.5, 10.8125, 1.625], "texture": "#0"},
				"south": {"uv": [10.6875, 3.1875, 10.875, 3.3125], "texture": "#0"},
				"west": {"uv": [10.5, 1.625, 10.8125, 1.75], "texture": "#0"},
				"up": {"uv": [8.5625, 10.625, 8.375, 10.3125], "texture": "#0"},
				"down": {"uv": [10.5, 9.8125, 10.3125, 10.125], "texture": "#0"}
			}
		},
		{
			"from": [6, 13, 6],
			"to": [9, 15, 25],
			"faces": {
				"north": {"uv": [10.6875, 5.1875, 10.875, 5.3125], "texture": "#0"},
				"east": {"uv": [9.375, 3.9375, 10.5625, 4.0625], "texture": "#0"},
				"south": {"uv": [10.6875, 5.3125, 10.875, 5.4375], "texture": "#0"},
				"west": {"uv": [9.375, 4.0625, 10.5625, 4.1875], "texture": "#0"},
				"up": {"uv": [1.875, 9.8125, 1.6875, 8.625], "texture": "#0"},
				"down": {"uv": [2.0625, 8.625, 1.875, 9.8125], "texture": "#0"}
			}
		},
		{
			"from": [-3, -4, 26],
			"to": [20, -2, 31],
			"faces": {
				"north": {"uv": [3.25, 8.25, 4.6875, 8.375], "texture": "#0"},
				"east": {"uv": [10.4375, 1.1875, 10.75, 1.3125], "texture": "#0"},
				"south": {"uv": [0, 8.3125, 1.4375, 8.4375], "texture": "#0"},
				"west": {"uv": [10.4375, 8.25, 10.75, 8.375], "texture": "#0"},
				"up": {"uv": [4.5625, 4.9375, 3.125, 4.625], "texture": "#0"},
				"down": {"uv": [1.4375, 8, 0, 8.3125], "texture": "#0"}
			}
		},
		{
			"from": [-3, -4, -16],
			"to": [20, -1, 26],
			"faces": {
				"north": {"uv": [8.8125, 8.625, 10.25, 8.8125], "texture": "#0"},
				"east": {"uv": [4.6875, 8.1875, 7.3125, 8.375], "texture": "#0"},
				"south": {"uv": [0, 9, 1.4375, 9.1875], "texture": "#0"},
				"west": {"uv": [7.3125, 8.25, 9.9375, 8.4375], "texture": "#0"},
				"up": {"uv": [6, 4.9375, 4.5625, 2.3125], "texture": "#0"},
				"down": {"uv": [3.125, 4.625, 1.6875, 7.25], "texture": "#0"}
			}
		}
	],
	"display": {
		"head": {
			"translation": [0, -69, 0],
			"scale": [2.5, 2.5, 2.5]
		}
	},
	"groups": [
		{
			"name": "BUS",
			"origin": [8, 8, 8],
			"color": 0,
			"children": [0, 1, 2, 3, 4, 5, 6, 7, 8, 9, 10, 11, 12, 13, 14, 15, 16, 17, 18, 19, 20, 21, 22, 23, 24, 25, 26, 27, 28, 29, 30, 31, 32, 33, 34, 35, 36, 37, 38, 39, 40, 41, 42, 43, 44, 45, 46, 47, 48, 49, 50, 51, 52, 53, 54, 55, 56, 57, 58, 59, 60, 61, 62, 63, 64, 65, 66, 67, 68, 69, 70, 71, 72, 73, 74, 75, 76, 77, 78, 79, 80, 81, 82, 83, 84, 85, 86, 87, 88, 89, 90, 91, 92, 93, 94, 95, 96, 97, 98, 99, 100, 101, 102, 103, 104, 105, 106, 107, 108, 109, 110, 111, 112, 113, 114, 115, 116, 117, 118, 119, 120, 121, 122, 123, 124]
		}
	]
}